                         	alpine sea holly	anthurium	artichoke	azalea	ball moss	balloon flower	barbeton daisy	bearded iris	bee balm	bird of paradise	bishop of llandaff	black-eyed susan	blackberry lily	blanket flower	bolero deep blue	bougainvillea	bromelia	buttercup	californian poppy	camellia	canna lily	canterbury bells	cape flower	carnation	cautleya spicata	clematis	colt's foot	columbine	common dandelion	corn poppy	cyclamen	daffodil	desert-rose	english marigold	fire lily	foxglove	frangipani	fritillary	garden phlox	gaura	gazania	geranium	giant white arum lily	globe thistle	globe-flower	grape hyacinth	great masterwort	hard-leaved pocket orchid	hibiscus	hippeastrum	japanese anemone	king protea	lenten rose	lotus	love in the mist	magnolia	mallow	marigold	mexican aster	mexican petunia	monkshood	moon orchid	morning glory	orange dahlia	osteospermum	oxeye daisy	passion flower	pelargonium	peruvian lily	petunia	pincushion flower	pink primrose	pink-yellow dahlia	poinsettia	primula	prince of wales feathers	purple coneflower	red ginger	rose	ruby-lipped cattleya	siam tulip	silverbush	snapdragon	spear thistle	spring crocus	stemless gentian	sunflower	sweet pea	sweet william	sword lily	thorn apple	tiger lily	toad lily	tree mallow	tree poppy	trumpet creeper	wallflower	water lily	watercress	wild pansy	windflower	yellow iris
alpine sea holly         	2.0             	0.0      	1.0      	0.0   	1.0      	0.0           	5.0           	0.0         	1.0     	1.0             	0.0               	0.0             	0.0            	0.0           	0.0             	0.0          	0.0     	0.0      	0.0              	0.0     	0.0       	0.0             	0.0        	0.0      	0.0             	0.0     	4.0        	0.0      	2.0             	0.0       	0.0     	0.0     	0.0        	0.0             	0.0      	3.0     	2.0       	0.0       	0.0         	0.0  	5.0    	0.0     	0.0                  	0.0          	0.0         	0.0           	0.0             	0.0                      	1.0     	1.0        	0.0             	0.0        	0.0        	0.0  	0.0             	0.0     	0.0   	0.0     	1.0          	1.0            	0.0      	0.0        	0.0          	0.0          	0.0         	0.0        	16.0          	0.0        	0.0          	0.0    	0.0              	1.0          	0.0               	0.0       	0.0    	1.0                     	0.0              	0.0       	0.0 	0.0                 	0.0       	0.0       	0.0       	0.0          	1.0          	1.0             	2.0      	0.0      	0.0          	0.0       	0.0        	0.0       	0.0      	2.0        	0.0       	0.0            	0.0       	0.0       	1.0       	0.0       	0.0       	1.0        
anthurium                	0.0             	0.0      	0.0      	0.0   	0.0      	0.0           	0.0           	0.0         	0.0     	0.0             	0.0               	0.0             	0.0            	0.0           	0.0             	0.0          	0.0     	0.0      	0.0              	0.0     	0.0       	0.0             	0.0        	0.0      	0.0             	0.0     	0.0        	0.0      	0.0             	0.0       	0.0     	0.0     	0.0        	0.0             	0.0      	0.0     	0.0       	0.0       	0.0         	0.0  	0.0    	0.0     	0.0                  	0.0          	0.0         	0.0           	0.0             	0.0                      	0.0     	0.0        	0.0             	0.0        	0.0        	0.0  	0.0             	0.0     	0.0   	0.0     	0.0          	0.0            	0.0      	0.0        	0.0          	0.0          	0.0         	0.0        	0.0           	0.0        	0.0          	0.0    	0.0              	0.0          	0.0               	0.0       	0.0    	0.0                     	0.0              	0.0       	0.0 	0.0                 	0.0       	0.0       	0.0       	0.0          	0.0          	0.0             	0.0      	0.0      	0.0          	0.0       	0.0        	0.0       	0.0      	0.0        	0.0       	0.0            	0.0       	0.0       	0.0       	0.0       	0.0       	0.0        
artichoke                	0.0             	0.0      	0.0      	0.0   	0.0      	0.0           	0.0           	0.0         	0.0     	0.0             	0.0               	0.0             	0.0            	0.0           	0.0             	0.0          	0.0     	0.0      	0.0              	0.0     	0.0       	0.0             	0.0        	0.0      	0.0             	0.0     	0.0        	0.0      	0.0             	0.0       	0.0     	0.0     	0.0        	0.0             	0.0      	0.0     	0.0       	0.0       	0.0         	0.0  	0.0    	0.0     	0.0                  	0.0          	0.0         	0.0           	0.0             	0.0                      	0.0     	0.0        	0.0             	0.0        	0.0        	0.0  	0.0             	0.0     	0.0   	0.0     	0.0          	0.0            	0.0      	0.0        	0.0          	0.0          	0.0         	0.0        	0.0           	0.0        	0.0          	0.0    	0.0              	0.0          	0.0               	0.0       	0.0    	0.0                     	0.0              	0.0       	0.0 	0.0                 	0.0       	0.0       	0.0       	0.0          	0.0          	0.0             	0.0      	0.0      	0.0          	0.0       	0.0        	0.0       	0.0      	0.0        	0.0       	0.0            	0.0       	0.0       	0.0       	0.0       	0.0       	0.0        
azalea                   	0.0             	0.0      	0.0      	0.0   	0.0      	0.0           	0.0           	0.0         	0.0     	0.0             	0.0               	0.0             	0.0            	0.0           	0.0             	0.0          	0.0     	0.0      	0.0              	0.0     	0.0       	0.0             	0.0        	0.0      	0.0             	0.0     	0.0        	0.0      	0.0             	0.0       	0.0     	0.0     	0.0        	0.0             	0.0      	0.0     	0.0       	0.0       	0.0         	0.0  	0.0    	0.0     	0.0                  	0.0          	0.0         	0.0           	0.0             	0.0                      	0.0     	0.0        	0.0             	0.0        	0.0        	0.0  	0.0             	0.0     	0.0   	0.0     	0.0          	0.0            	0.0      	0.0        	0.0          	0.0          	0.0         	0.0        	0.0           	0.0        	0.0          	0.0    	0.0              	0.0          	0.0               	0.0       	0.0    	0.0                     	0.0              	0.0       	0.0 	0.0                 	0.0       	0.0       	0.0       	0.0          	0.0          	0.0             	0.0      	0.0      	0.0          	0.0       	0.0        	0.0       	0.0      	0.0        	0.0       	0.0            	0.0       	0.0       	0.0       	0.0       	0.0       	0.0        
ball moss                	0.0             	0.0      	0.0      	0.0   	0.0      	0.0           	0.0           	0.0         	0.0     	0.0             	0.0               	0.0             	0.0            	0.0           	0.0             	0.0          	0.0     	0.0      	0.0              	0.0     	0.0       	0.0             	0.0        	0.0      	0.0             	0.0     	0.0        	0.0      	0.0             	0.0       	0.0     	0.0     	0.0        	0.0             	0.0      	0.0     	0.0       	0.0       	0.0         	0.0  	0.0    	0.0     	0.0                  	0.0          	0.0         	0.0           	0.0             	0.0                      	0.0     	0.0        	0.0             	0.0        	0.0        	0.0  	0.0             	0.0     	0.0   	0.0     	0.0          	0.0            	0.0      	0.0        	0.0          	0.0          	0.0         	0.0        	0.0           	0.0        	0.0          	0.0    	0.0              	0.0          	0.0               	0.0       	0.0    	0.0                     	0.0              	0.0       	0.0 	0.0                 	0.0       	0.0       	0.0       	0.0          	0.0          	0.0             	0.0      	0.0      	0.0          	0.0       	0.0        	0.0       	0.0      	0.0        	0.0       	0.0            	0.0       	0.0       	0.0       	0.0       	0.0       	0.0        
balloon flower           	0.0             	0.0      	0.0      	0.0   	0.0      	0.0           	0.0           	0.0         	0.0     	0.0             	0.0               	0.0             	0.0            	0.0           	0.0             	0.0          	0.0     	0.0      	0.0              	0.0     	0.0       	0.0             	0.0        	0.0      	0.0             	0.0     	0.0        	0.0      	0.0             	0.0       	0.0     	0.0     	0.0        	0.0             	0.0      	0.0     	0.0       	0.0       	0.0         	0.0  	0.0    	0.0     	0.0                  	0.0          	0.0         	0.0           	0.0             	0.0                      	0.0     	0.0        	0.0             	0.0        	0.0        	0.0  	0.0             	0.0     	0.0   	0.0     	0.0          	0.0            	0.0      	0.0        	0.0          	0.0          	0.0         	0.0        	0.0           	0.0        	0.0          	0.0    	0.0              	0.0          	0.0               	0.0       	0.0    	0.0                     	0.0              	0.0       	0.0 	0.0                 	0.0       	0.0       	0.0       	0.0          	0.0          	0.0             	0.0      	0.0      	0.0          	0.0       	0.0        	0.0       	0.0      	0.0        	0.0       	0.0            	0.0       	0.0       	0.0       	0.0       	0.0       	0.0        
barbeton daisy           	0.0             	0.0      	0.0      	0.0   	0.0      	0.0           	0.0           	0.0         	0.0     	0.0             	0.0               	0.0             	0.0            	0.0           	0.0             	0.0          	0.0     	0.0      	0.0              	0.0     	0.0       	0.0             	0.0        	0.0      	0.0             	0.0     	0.0        	0.0      	0.0             	0.0       	0.0     	0.0     	0.0        	0.0             	0.0      	0.0     	0.0       	0.0       	0.0         	0.0  	0.0    	0.0     	0.0                  	0.0          	0.0         	0.0           	0.0             	0.0                      	1.0     	0.0        	0.0             	0.0        	0.0        	0.0  	0.0             	0.0     	0.0   	0.0     	0.0          	0.0            	0.0      	0.0        	0.0          	0.0          	0.0         	0.0        	0.0           	0.0        	0.0          	0.0    	0.0              	0.0          	0.0               	0.0       	0.0    	0.0                     	1.0              	0.0       	0.0 	0.0                 	0.0       	0.0       	0.0       	0.0          	0.0          	0.0             	0.0      	0.0      	0.0          	0.0       	0.0        	0.0       	0.0      	0.0        	0.0       	0.0            	0.0       	0.0       	0.0       	0.0       	0.0       	0.0        
bearded iris             	0.0             	0.0      	0.0      	0.0   	0.0      	0.0           	0.0           	3.0         	0.0     	0.0             	0.0               	0.0             	0.0            	0.0           	0.0             	0.0          	0.0     	1.0      	0.0              	1.0     	1.0       	0.0             	0.0        	0.0      	0.0             	0.0     	0.0        	0.0      	0.0             	0.0       	0.0     	0.0     	1.0        	0.0             	0.0      	0.0     	0.0       	0.0       	0.0         	0.0  	0.0    	0.0     	0.0                  	1.0          	0.0         	0.0           	0.0             	0.0                      	0.0     	0.0        	0.0             	0.0        	0.0        	0.0  	0.0             	0.0     	0.0   	0.0     	0.0          	0.0            	0.0      	0.0        	0.0          	0.0          	0.0         	0.0        	0.0           	0.0        	0.0          	0.0    	0.0              	0.0          	0.0               	0.0       	0.0    	0.0                     	0.0              	0.0       	0.0 	0.0                 	0.0       	0.0       	1.0       	0.0          	0.0          	0.0             	0.0      	0.0      	0.0          	0.0       	0.0        	0.0       	1.0      	0.0        	1.0       	0.0            	0.0       	0.0       	0.0       	2.0       	1.0       	0.0        
bee balm                 	0.0             	0.0      	0.0      	0.0   	0.0      	0.0           	0.0           	0.0         	0.0     	0.0             	0.0               	0.0             	0.0            	0.0           	0.0             	0.0          	0.0     	0.0      	0.0              	0.0     	0.0       	0.0             	0.0        	0.0      	0.0             	0.0     	0.0        	0.0      	1.0             	0.0       	0.0     	0.0     	0.0        	0.0             	0.0      	0.0     	0.0       	0.0       	0.0         	0.0  	0.0    	0.0     	0.0                  	0.0          	0.0         	2.0           	0.0             	0.0                      	0.0     	0.0        	0.0             	0.0        	0.0        	0.0  	0.0             	0.0     	0.0   	0.0     	0.0          	0.0            	0.0      	0.0        	0.0          	0.0          	0.0         	0.0        	0.0           	0.0        	0.0          	0.0    	0.0              	0.0          	0.0               	0.0       	0.0    	0.0                     	0.0              	0.0       	0.0 	0.0                 	0.0       	0.0       	1.0       	1.0          	0.0          	2.0             	0.0      	0.0      	1.0          	0.0       	0.0        	1.0       	0.0      	0.0        	0.0       	0.0            	1.0       	0.0       	0.0       	0.0       	0.0       	0.0        
bird of paradise         	0.0             	0.0      	0.0      	0.0   	0.0      	0.0           	0.0           	0.0         	0.0     	0.0             	0.0               	0.0             	0.0            	0.0           	0.0             	0.0          	0.0     	0.0      	0.0              	0.0     	0.0       	0.0             	0.0        	0.0      	0.0             	0.0     	0.0        	0.0      	0.0             	0.0       	0.0     	0.0     	0.0        	0.0             	0.0      	0.0     	0.0       	0.0       	0.0         	0.0  	0.0    	0.0     	0.0                  	0.0          	0.0         	0.0           	0.0             	0.0                      	0.0     	0.0        	0.0             	0.0        	0.0        	0.0  	0.0             	0.0     	0.0   	0.0     	0.0          	0.0            	0.0      	0.0        	0.0          	0.0          	0.0         	0.0        	0.0           	0.0        	0.0          	0.0    	0.0              	0.0          	0.0               	0.0       	0.0    	0.0                     	0.0              	0.0       	0.0 	0.0                 	0.0       	0.0       	0.0       	0.0          	0.0          	0.0             	0.0      	0.0      	0.0          	0.0       	0.0        	0.0       	0.0      	0.0        	0.0       	0.0            	0.0       	0.0       	0.0       	0.0       	0.0       	0.0        
bishop of llandaff       	0.0             	3.0      	0.0      	1.0   	0.0      	0.0           	0.0           	0.0         	1.0     	0.0             	13.0              	6.0             	0.0            	0.0           	0.0             	1.0          	0.0     	1.0      	0.0              	4.0     	0.0       	0.0             	6.0        	0.0      	0.0             	0.0     	0.0        	1.0      	0.0             	0.0       	8.0     	1.0     	0.0        	0.0             	0.0      	2.0     	5.0       	2.0       	0.0         	1.0  	0.0    	5.0     	2.0                  	1.0          	2.0         	0.0           	1.0             	0.0                      	0.0     	0.0        	0.0             	0.0        	1.0        	1.0  	0.0             	0.0     	1.0   	0.0     	0.0          	0.0            	0.0      	1.0        	1.0          	2.0          	0.0         	1.0        	1.0           	0.0        	1.0          	2.0    	0.0              	0.0          	1.0               	0.0       	0.0    	0.0                     	0.0              	1.0       	8.0 	0.0                 	0.0       	3.0       	2.0       	0.0          	0.0          	0.0             	0.0      	1.0      	0.0          	0.0       	0.0        	0.0       	1.0      	0.0        	0.0       	0.0            	1.0       	3.0       	1.0       	3.0       	0.0       	3.0        
black-eyed susan         	0.0             	0.0      	0.0      	0.0   	0.0      	0.0           	0.0           	0.0         	0.0     	0.0             	1.0               	0.0             	0.0            	0.0           	0.0             	0.0          	0.0     	0.0      	0.0              	0.0     	0.0       	0.0             	0.0        	0.0      	0.0             	0.0     	0.0        	0.0      	0.0             	0.0       	0.0     	0.0     	0.0        	0.0             	0.0      	1.0     	2.0       	0.0       	0.0         	0.0  	0.0    	0.0     	0.0                  	0.0          	0.0         	0.0           	0.0             	0.0                      	0.0     	0.0        	0.0             	0.0        	0.0        	2.0  	0.0             	0.0     	0.0   	0.0     	0.0          	0.0            	0.0      	0.0        	0.0          	0.0          	0.0         	0.0        	0.0           	0.0        	0.0          	1.0    	0.0              	0.0          	0.0               	0.0       	0.0    	0.0                     	0.0              	0.0       	0.0 	0.0                 	0.0       	0.0       	0.0       	0.0          	0.0          	0.0             	0.0      	0.0      	0.0          	0.0       	0.0        	0.0       	0.0      	0.0        	0.0       	0.0            	0.0       	0.0       	1.0       	0.0       	0.0       	0.0        
blackberry lily          	0.0             	0.0      	0.0      	0.0   	0.0      	0.0           	0.0           	0.0         	0.0     	0.0             	0.0               	0.0             	0.0            	0.0           	0.0             	0.0          	0.0     	0.0      	0.0              	0.0     	0.0       	0.0             	0.0        	0.0      	0.0             	0.0     	0.0        	0.0      	0.0             	0.0       	0.0     	0.0     	0.0        	0.0             	0.0      	0.0     	0.0       	0.0       	0.0         	0.0  	0.0    	0.0     	0.0                  	0.0          	0.0         	0.0           	0.0             	0.0                      	0.0     	0.0        	0.0             	0.0        	0.0        	0.0  	0.0             	0.0     	0.0   	0.0     	0.0          	0.0            	0.0      	0.0        	0.0          	0.0          	0.0         	0.0        	0.0           	0.0        	0.0          	0.0    	0.0              	0.0          	0.0               	0.0       	0.0    	0.0                     	0.0              	0.0       	0.0 	0.0                 	0.0       	0.0       	0.0       	0.0          	0.0          	0.0             	0.0      	0.0      	0.0          	0.0       	0.0        	0.0       	0.0      	0.0        	0.0       	0.0            	0.0       	0.0       	0.0       	0.0       	0.0       	0.0        
blanket flower           	0.0             	0.0      	0.0      	0.0   	0.0      	0.0           	0.0           	0.0         	0.0     	0.0             	0.0               	0.0             	0.0            	0.0           	0.0             	0.0          	0.0     	0.0      	0.0              	0.0     	0.0       	0.0             	0.0        	0.0      	0.0             	0.0     	0.0        	0.0      	0.0             	0.0       	0.0     	0.0     	0.0        	0.0             	0.0      	0.0     	0.0       	0.0       	0.0         	0.0  	0.0    	0.0     	0.0                  	0.0          	0.0         	0.0           	0.0             	0.0                      	0.0     	0.0        	0.0             	0.0        	0.0        	0.0  	0.0             	0.0     	0.0   	0.0     	0.0          	0.0            	0.0      	0.0        	0.0          	0.0          	0.0         	0.0        	0.0           	0.0        	0.0          	0.0    	0.0              	0.0          	0.0               	0.0       	0.0    	0.0                     	0.0              	0.0       	0.0 	0.0                 	0.0       	0.0       	0.0       	0.0          	0.0          	0.0             	0.0      	0.0      	0.0          	0.0       	0.0        	0.0       	0.0      	0.0        	0.0       	0.0            	0.0       	0.0       	0.0       	0.0       	0.0       	0.0        
bolero deep blue         	0.0             	0.0      	0.0      	0.0   	0.0      	0.0           	0.0           	0.0         	0.0     	0.0             	0.0               	0.0             	0.0            	0.0           	0.0             	0.0          	0.0     	0.0      	0.0              	0.0     	0.0       	0.0             	0.0        	0.0      	0.0             	0.0     	0.0        	0.0      	0.0             	0.0       	0.0     	0.0     	0.0        	0.0             	0.0      	0.0     	0.0       	0.0       	0.0         	0.0  	0.0    	0.0     	0.0                  	0.0          	0.0         	0.0           	0.0             	0.0                      	0.0     	0.0        	0.0             	0.0        	0.0        	0.0  	0.0             	0.0     	0.0   	0.0     	0.0          	0.0            	0.0      	0.0        	0.0          	0.0          	0.0         	0.0        	0.0           	0.0        	0.0          	0.0    	0.0              	0.0          	0.0               	0.0       	0.0    	0.0                     	0.0              	0.0       	0.0 	0.0                 	0.0       	0.0       	0.0       	0.0          	0.0          	0.0             	0.0      	0.0      	0.0          	0.0       	0.0        	0.0       	0.0      	0.0        	0.0       	1.0            	0.0       	0.0       	0.0       	1.0       	0.0       	0.0        
bougainvillea            	0.0             	0.0      	0.0      	0.0   	0.0      	0.0           	0.0           	0.0         	0.0     	0.0             	0.0               	0.0             	0.0            	0.0           	0.0             	0.0          	0.0     	0.0      	0.0              	0.0     	0.0       	0.0             	0.0        	0.0      	0.0             	0.0     	0.0        	0.0      	0.0             	0.0       	0.0     	0.0     	0.0        	0.0             	0.0      	0.0     	0.0       	0.0       	0.0         	0.0  	0.0    	0.0     	0.0                  	0.0          	0.0         	0.0           	0.0             	0.0                      	0.0     	0.0        	0.0             	0.0        	0.0        	0.0  	0.0             	0.0     	0.0   	0.0     	0.0          	0.0            	0.0      	0.0        	0.0          	0.0          	0.0         	0.0        	0.0           	0.0        	0.0          	0.0    	0.0              	0.0          	0.0               	0.0       	0.0    	0.0                     	0.0              	0.0       	0.0 	0.0                 	0.0       	0.0       	0.0       	0.0          	0.0          	0.0             	0.0      	0.0      	0.0          	0.0       	0.0        	0.0       	0.0      	0.0        	0.0       	0.0            	0.0       	0.0       	0.0       	0.0       	0.0       	0.0        
bromelia                 	0.0             	0.0      	1.0      	1.0   	0.0      	0.0           	2.0           	0.0         	0.0     	0.0             	0.0               	0.0             	0.0            	0.0           	0.0             	1.0          	1.0     	0.0      	0.0              	0.0     	0.0       	0.0             	0.0        	0.0      	0.0             	2.0     	0.0        	0.0      	1.0             	0.0       	0.0     	0.0     	0.0        	0.0             	0.0      	0.0     	1.0       	0.0       	1.0         	0.0  	1.0    	0.0     	0.0                  	0.0          	0.0         	0.0           	0.0             	0.0                      	0.0     	0.0        	0.0             	0.0        	0.0        	0.0  	0.0             	0.0     	1.0   	0.0     	0.0          	0.0            	0.0      	0.0        	1.0          	0.0          	0.0         	0.0        	4.0           	0.0        	0.0          	1.0    	0.0              	1.0          	6.0               	1.0       	0.0    	0.0                     	0.0              	0.0       	0.0 	0.0                 	1.0       	0.0       	0.0       	0.0          	0.0          	0.0             	0.0      	0.0      	0.0          	1.0       	0.0        	0.0       	0.0      	0.0        	0.0       	0.0            	0.0       	2.0       	0.0       	0.0       	0.0       	0.0        
buttercup                	0.0             	1.0      	0.0      	0.0   	0.0      	0.0           	0.0           	0.0         	0.0     	0.0             	0.0               	0.0             	0.0            	0.0           	0.0             	1.0          	0.0     	0.0      	0.0              	0.0     	1.0       	0.0             	0.0        	0.0      	0.0             	0.0     	0.0        	0.0      	0.0             	0.0       	1.0     	0.0     	0.0        	0.0             	0.0      	1.0     	1.0       	1.0       	0.0         	0.0  	0.0    	0.0     	1.0                  	1.0          	1.0         	0.0           	0.0             	0.0                      	0.0     	0.0        	0.0             	0.0        	0.0        	0.0  	0.0             	0.0     	0.0   	1.0     	0.0          	0.0            	0.0      	1.0        	0.0          	0.0          	1.0         	0.0        	0.0           	1.0        	0.0          	0.0    	0.0              	0.0          	0.0               	0.0       	1.0    	0.0                     	0.0              	0.0       	0.0 	0.0                 	0.0       	0.0       	1.0       	0.0          	0.0          	0.0             	0.0      	0.0      	0.0          	1.0       	0.0        	0.0       	2.0      	0.0        	0.0       	0.0            	0.0       	1.0       	1.0       	0.0       	0.0       	0.0        
californian poppy        	0.0             	2.0      	0.0      	2.0   	0.0      	1.0           	0.0           	0.0         	0.0     	2.0             	11.0              	7.0             	4.0            	0.0           	0.0             	2.0          	0.0     	8.0      	31.0             	0.0     	0.0       	0.0             	6.0        	0.0      	1.0             	0.0     	0.0        	6.0      	1.0             	0.0       	10.0    	1.0     	0.0        	3.0             	1.0      	2.0     	2.0       	4.0       	0.0         	5.0  	0.0    	5.0     	0.0                  	0.0          	0.0         	4.0           	0.0             	1.0                      	0.0     	0.0        	3.0             	0.0        	0.0        	0.0  	0.0             	0.0     	1.0   	0.0     	0.0          	1.0            	1.0      	0.0        	1.0          	6.0          	1.0         	2.0        	1.0           	2.0        	0.0          	11.0   	0.0              	0.0          	0.0               	0.0       	1.0    	0.0                     	1.0              	0.0       	13.0	0.0                 	0.0       	12.0      	1.0       	0.0          	0.0          	1.0             	0.0      	1.0      	0.0          	0.0       	0.0        	1.0       	2.0      	0.0        	1.0       	0.0            	31.0      	0.0       	0.0       	4.0       	1.0       	0.0        
camellia                 	0.0             	0.0      	0.0      	0.0   	0.0      	0.0           	0.0           	0.0         	0.0     	0.0             	0.0               	0.0             	0.0            	0.0           	0.0             	0.0          	0.0     	0.0      	0.0              	0.0     	0.0       	0.0             	0.0        	0.0      	0.0             	0.0     	0.0        	0.0      	0.0             	0.0       	0.0     	0.0     	0.0        	0.0             	0.0      	0.0     	0.0       	0.0       	0.0         	0.0  	0.0    	0.0     	0.0                  	0.0          	0.0         	0.0           	0.0             	0.0                      	0.0     	0.0        	0.0             	0.0        	0.0        	0.0  	0.0             	0.0     	0.0   	0.0     	0.0          	0.0            	0.0      	0.0        	0.0          	0.0          	0.0         	0.0        	0.0           	0.0        	0.0          	0.0    	0.0              	0.0          	0.0               	1.0       	0.0    	0.0                     	0.0              	0.0       	0.0 	0.0                 	0.0       	0.0       	0.0       	0.0          	0.0          	0.0             	0.0      	0.0      	0.0          	0.0       	0.0        	0.0       	0.0      	0.0        	0.0       	0.0            	0.0       	0.0       	0.0       	0.0       	0.0       	0.0        
canna lily               	0.0             	0.0      	0.0      	0.0   	0.0      	0.0           	0.0           	0.0         	1.0     	0.0             	0.0               	0.0             	0.0            	0.0           	0.0             	0.0          	0.0     	1.0      	0.0              	0.0     	0.0       	0.0             	0.0        	0.0      	0.0             	0.0     	0.0        	0.0      	0.0             	1.0       	0.0     	2.0     	0.0        	0.0             	0.0      	1.0     	0.0       	0.0       	0.0         	0.0  	0.0    	0.0     	1.0                  	0.0          	0.0         	0.0           	0.0             	0.0                      	1.0     	0.0        	0.0             	1.0        	0.0        	0.0  	0.0             	0.0     	0.0   	0.0     	0.0          	0.0            	0.0      	0.0        	0.0          	0.0          	0.0         	0.0        	0.0           	0.0        	0.0          	0.0    	0.0              	0.0          	0.0               	1.0       	0.0    	0.0                     	0.0              	0.0       	0.0 	0.0                 	0.0       	0.0       	1.0       	2.0          	0.0          	0.0             	0.0      	1.0      	0.0          	1.0       	0.0        	0.0       	0.0      	0.0        	0.0       	0.0            	0.0       	1.0       	0.0       	0.0       	0.0       	0.0        
canterbury bells         	0.0             	0.0      	0.0      	0.0   	0.0      	0.0           	0.0           	0.0         	0.0     	0.0             	0.0               	0.0             	0.0            	0.0           	0.0             	0.0          	0.0     	0.0      	0.0              	0.0     	0.0       	0.0             	0.0        	0.0      	0.0             	0.0     	0.0        	0.0      	0.0             	0.0       	0.0     	0.0     	0.0        	0.0             	0.0      	0.0     	0.0       	0.0       	0.0         	0.0  	0.0    	0.0     	0.0                  	0.0          	0.0         	0.0           	0.0             	0.0                      	0.0     	0.0        	0.0             	0.0        	0.0        	0.0  	0.0             	0.0     	0.0   	0.0     	0.0          	0.0            	0.0      	0.0        	0.0          	0.0          	0.0         	0.0        	0.0           	0.0        	0.0          	0.0    	0.0              	0.0          	0.0               	0.0       	0.0    	0.0                     	0.0              	0.0       	0.0 	0.0                 	0.0       	0.0       	0.0       	0.0          	0.0          	0.0             	0.0      	0.0      	0.0          	0.0       	0.0        	0.0       	0.0      	0.0        	0.0       	0.0            	0.0       	0.0       	0.0       	0.0       	0.0       	0.0        
cape flower              	0.0             	0.0      	0.0      	0.0   	0.0      	0.0           	0.0           	0.0         	0.0     	0.0             	0.0               	0.0             	0.0            	0.0           	0.0             	0.0          	0.0     	0.0      	1.0              	0.0     	0.0       	0.0             	1.0        	0.0      	0.0             	0.0     	0.0        	0.0      	0.0             	0.0       	0.0     	0.0     	0.0        	0.0             	0.0      	0.0     	2.0       	0.0       	0.0         	0.0  	0.0    	1.0     	0.0                  	0.0          	0.0         	0.0           	0.0             	0.0                      	0.0     	0.0        	0.0             	0.0        	0.0        	0.0  	0.0             	0.0     	0.0   	0.0     	0.0          	0.0            	0.0      	0.0        	0.0          	0.0          	0.0         	0.0        	0.0           	0.0        	1.0          	0.0    	0.0              	0.0          	0.0               	0.0       	0.0    	0.0                     	0.0              	0.0       	0.0 	0.0                 	0.0       	0.0       	0.0       	0.0          	0.0          	0.0             	0.0      	0.0      	0.0          	0.0       	0.0        	0.0       	0.0      	0.0        	0.0       	0.0            	1.0       	0.0       	0.0       	1.0       	0.0       	0.0        
carnation                	0.0             	0.0      	0.0      	0.0   	0.0      	0.0           	0.0           	0.0         	0.0     	0.0             	0.0               	0.0             	0.0            	0.0           	0.0             	0.0          	0.0     	0.0      	0.0              	0.0     	0.0       	0.0             	0.0        	0.0      	0.0             	0.0     	0.0        	0.0      	0.0             	0.0       	0.0     	0.0     	0.0        	0.0             	0.0      	0.0     	0.0       	0.0       	0.0         	0.0  	0.0    	0.0     	0.0                  	0.0          	0.0         	0.0           	0.0             	0.0                      	0.0     	0.0        	0.0             	0.0        	0.0        	0.0  	0.0             	0.0     	0.0   	0.0     	0.0          	0.0            	0.0      	0.0        	0.0          	0.0          	0.0         	0.0        	0.0           	0.0        	0.0          	0.0    	0.0              	0.0          	0.0               	0.0       	0.0    	0.0                     	0.0              	0.0       	0.0 	0.0                 	0.0       	0.0       	0.0       	0.0          	0.0          	0.0             	0.0      	0.0      	0.0          	0.0       	0.0        	0.0       	0.0      	0.0        	0.0       	0.0            	0.0       	0.0       	0.0       	0.0       	0.0       	0.0        
cautleya spicata         	0.0             	2.0      	0.0      	1.0   	2.0      	1.0           	0.0           	0.0         	2.0     	5.0             	10.0              	4.0             	0.0            	2.0           	0.0             	2.0          	0.0     	1.0      	16.0             	0.0     	0.0       	0.0             	10.0       	0.0      	19.0            	0.0     	5.0        	5.0      	4.0             	0.0       	11.0    	1.0     	0.0        	0.0             	2.0      	3.0     	1.0       	9.0       	0.0         	3.0  	3.0    	0.0     	0.0                  	1.0          	1.0         	5.0           	0.0             	0.0                      	0.0     	0.0        	8.0             	0.0        	0.0        	1.0  	1.0             	0.0     	0.0   	0.0     	0.0          	0.0            	0.0      	0.0        	1.0          	9.0          	5.0         	0.0        	2.0           	7.0        	2.0          	8.0    	2.0              	0.0          	0.0               	0.0       	0.0    	0.0                     	4.0              	2.0       	8.0 	0.0                 	0.0       	1.0       	3.0       	0.0          	1.0          	2.0             	0.0      	1.0      	0.0          	0.0       	0.0        	0.0       	1.0      	0.0        	0.0       	0.0            	45.0      	0.0       	3.0       	5.0       	1.0       	0.0        
clematis                 	0.0             	0.0      	0.0      	0.0   	0.0      	0.0           	0.0           	0.0         	0.0     	0.0             	0.0               	0.0             	0.0            	0.0           	0.0             	0.0          	0.0     	0.0      	0.0              	0.0     	0.0       	0.0             	0.0        	0.0      	0.0             	0.0     	0.0        	0.0      	0.0             	0.0       	0.0     	0.0     	0.0        	0.0             	0.0      	0.0     	0.0       	0.0       	0.0         	0.0  	0.0    	0.0     	0.0                  	0.0          	0.0         	0.0           	0.0             	0.0                      	0.0     	0.0        	0.0             	0.0        	0.0        	0.0  	0.0             	0.0     	0.0   	0.0     	0.0          	0.0            	0.0      	0.0        	0.0          	0.0          	0.0         	0.0        	0.0           	0.0        	0.0          	0.0    	0.0              	0.0          	0.0               	0.0       	0.0    	0.0                     	0.0              	0.0       	0.0 	0.0                 	0.0       	0.0       	0.0       	0.0          	0.0          	0.0             	0.0      	0.0      	0.0          	0.0       	0.0        	0.0       	0.0      	0.0        	0.0       	0.0            	0.0       	0.0       	0.0       	0.0       	0.0       	0.0        
colt's foot              	0.0             	0.0      	0.0      	0.0   	0.0      	0.0           	0.0           	0.0         	0.0     	0.0             	0.0               	0.0             	0.0            	0.0           	0.0             	0.0          	0.0     	0.0      	0.0              	0.0     	0.0       	0.0             	0.0        	0.0      	0.0             	0.0     	0.0        	0.0      	0.0             	0.0       	0.0     	0.0     	0.0        	0.0             	0.0      	0.0     	0.0       	0.0       	0.0         	0.0  	0.0    	0.0     	0.0                  	0.0          	0.0         	0.0           	0.0             	0.0                      	0.0     	0.0        	0.0             	0.0        	0.0        	0.0  	0.0             	0.0     	0.0   	0.0     	0.0          	0.0            	0.0      	0.0        	0.0          	0.0          	0.0         	0.0        	0.0           	0.0        	0.0          	0.0    	0.0              	0.0          	0.0               	0.0       	0.0    	0.0                     	0.0              	0.0       	0.0 	0.0                 	0.0       	0.0       	0.0       	0.0          	0.0          	0.0             	0.0      	0.0      	0.0          	0.0       	0.0        	0.0       	0.0      	0.0        	0.0       	0.0            	0.0       	0.0       	0.0       	0.0       	0.0       	0.0        
columbine                	0.0             	0.0      	0.0      	0.0   	0.0      	0.0           	0.0           	0.0         	0.0     	0.0             	0.0               	0.0             	0.0            	0.0           	0.0             	0.0          	0.0     	0.0      	0.0              	0.0     	0.0       	0.0             	0.0        	0.0      	0.0             	0.0     	0.0        	0.0      	0.0             	0.0       	0.0     	0.0     	0.0        	0.0             	0.0      	0.0     	0.0       	0.0       	0.0         	0.0  	0.0    	0.0     	0.0                  	0.0          	0.0         	0.0           	0.0             	0.0                      	0.0     	0.0        	0.0             	0.0        	0.0        	0.0  	0.0             	0.0     	0.0   	0.0     	0.0          	0.0            	0.0      	0.0        	0.0          	0.0          	0.0         	0.0        	0.0           	0.0        	0.0          	0.0    	0.0              	0.0          	0.0               	0.0       	0.0    	0.0                     	0.0              	0.0       	0.0 	0.0                 	0.0       	0.0       	0.0       	0.0          	0.0          	0.0             	0.0      	0.0      	0.0          	0.0       	0.0        	0.0       	0.0      	0.0        	0.0       	0.0            	0.0       	0.0       	0.0       	0.0       	0.0       	0.0        
common dandelion         	0.0             	0.0      	0.0      	0.0   	0.0      	0.0           	0.0           	0.0         	0.0     	0.0             	0.0               	0.0             	0.0            	0.0           	0.0             	0.0          	0.0     	0.0      	0.0              	0.0     	0.0       	0.0             	0.0        	0.0      	0.0             	0.0     	0.0        	0.0      	2.0             	0.0       	0.0     	0.0     	0.0        	0.0             	0.0      	0.0     	0.0       	0.0       	0.0         	0.0  	1.0    	0.0     	0.0                  	0.0          	0.0         	0.0           	1.0             	0.0                      	0.0     	0.0        	0.0             	0.0        	0.0        	0.0  	0.0             	0.0     	0.0   	0.0     	0.0          	0.0            	0.0      	0.0        	0.0          	0.0          	0.0         	0.0        	0.0           	0.0        	0.0          	0.0    	0.0              	0.0          	0.0               	0.0       	0.0    	0.0                     	0.0              	0.0       	0.0 	0.0                 	0.0       	0.0       	0.0       	0.0          	0.0          	0.0             	0.0      	0.0      	0.0          	0.0       	0.0        	0.0       	0.0      	0.0        	0.0       	0.0            	0.0       	0.0       	0.0       	0.0       	0.0       	0.0        
corn poppy               	0.0             	0.0      	0.0      	0.0   	0.0      	0.0           	0.0           	0.0         	0.0     	0.0             	0.0               	0.0             	0.0            	0.0           	0.0             	0.0          	0.0     	0.0      	0.0              	0.0     	0.0       	0.0             	0.0        	0.0      	0.0             	0.0     	0.0        	0.0      	0.0             	0.0       	0.0     	0.0     	0.0        	0.0             	0.0      	0.0     	0.0       	0.0       	0.0         	0.0  	0.0    	0.0     	0.0                  	0.0          	0.0         	0.0           	0.0             	0.0                      	0.0     	0.0        	0.0             	0.0        	0.0        	0.0  	0.0             	0.0     	0.0   	0.0     	0.0          	0.0            	0.0      	0.0        	0.0          	0.0          	0.0         	0.0        	0.0           	0.0        	0.0          	0.0    	0.0              	0.0          	0.0               	0.0       	0.0    	0.0                     	0.0              	0.0       	0.0 	0.0                 	0.0       	0.0       	0.0       	0.0          	0.0          	0.0             	0.0      	0.0      	0.0          	0.0       	0.0        	0.0       	0.0      	0.0        	0.0       	0.0            	0.0       	0.0       	0.0       	0.0       	0.0       	0.0        
cyclamen                 	0.0             	0.0      	0.0      	0.0   	0.0      	0.0           	0.0           	0.0         	0.0     	0.0             	0.0               	0.0             	0.0            	0.0           	0.0             	0.0          	0.0     	0.0      	0.0              	0.0     	0.0       	0.0             	0.0        	0.0      	0.0             	0.0     	0.0        	0.0      	0.0             	0.0       	0.0     	0.0     	0.0        	0.0             	0.0      	0.0     	0.0       	0.0       	0.0         	0.0  	0.0    	0.0     	0.0                  	0.0          	0.0         	0.0           	0.0             	0.0                      	0.0     	0.0        	0.0             	0.0        	0.0        	0.0  	0.0             	0.0     	0.0   	0.0     	0.0          	0.0            	1.0      	0.0        	0.0          	0.0          	0.0         	0.0        	0.0           	0.0        	0.0          	0.0    	0.0              	0.0          	0.0               	0.0       	0.0    	0.0                     	0.0              	0.0       	0.0 	0.0                 	0.0       	0.0       	0.0       	0.0          	0.0          	0.0             	0.0      	0.0      	0.0          	0.0       	0.0        	0.0       	0.0      	0.0        	0.0       	0.0            	0.0       	0.0       	0.0       	0.0       	0.0       	0.0        
daffodil                 	0.0             	0.0      	0.0      	0.0   	0.0      	0.0           	0.0           	0.0         	0.0     	0.0             	0.0               	0.0             	0.0            	0.0           	0.0             	0.0          	0.0     	0.0      	0.0              	0.0     	0.0       	0.0             	0.0        	0.0      	0.0             	0.0     	0.0        	0.0      	0.0             	0.0       	0.0     	0.0     	0.0        	0.0             	0.0      	0.0     	0.0       	0.0       	0.0         	0.0  	0.0    	0.0     	0.0                  	0.0          	0.0         	0.0           	0.0             	0.0                      	0.0     	0.0        	0.0             	0.0        	0.0        	0.0  	0.0             	0.0     	0.0   	0.0     	0.0          	0.0            	0.0      	0.0        	0.0          	0.0          	0.0         	0.0        	0.0           	0.0        	0.0          	0.0    	0.0              	0.0          	0.0               	0.0       	0.0    	0.0                     	0.0              	0.0       	0.0 	0.0                 	0.0       	0.0       	0.0       	0.0          	0.0          	0.0             	0.0      	0.0      	0.0          	0.0       	0.0        	0.0       	0.0      	0.0        	0.0       	0.0            	0.0       	0.0       	0.0       	0.0       	0.0       	0.0        
desert-rose              	0.0             	0.0      	0.0      	0.0   	0.0      	0.0           	0.0           	0.0         	0.0     	0.0             	0.0               	0.0             	0.0            	0.0           	0.0             	0.0          	0.0     	0.0      	0.0              	0.0     	0.0       	0.0             	0.0        	0.0      	0.0             	0.0     	0.0        	0.0      	0.0             	0.0       	0.0     	0.0     	0.0        	0.0             	0.0      	0.0     	0.0       	0.0       	0.0         	0.0  	0.0    	0.0     	0.0                  	0.0          	0.0         	0.0           	0.0             	0.0                      	0.0     	0.0        	0.0             	0.0        	0.0        	0.0  	0.0             	0.0     	0.0   	0.0     	0.0          	0.0            	0.0      	0.0        	0.0          	0.0          	0.0         	0.0        	0.0           	0.0        	0.0          	0.0    	0.0              	0.0          	0.0               	0.0       	0.0    	0.0                     	0.0              	0.0       	0.0 	0.0                 	0.0       	0.0       	0.0       	0.0          	0.0          	0.0             	0.0      	0.0      	0.0          	0.0       	0.0        	0.0       	0.0      	0.0        	0.0       	0.0            	0.0       	0.0       	0.0       	0.0       	0.0       	0.0        
english marigold         	0.0             	0.0      	0.0      	0.0   	0.0      	0.0           	0.0           	0.0         	1.0     	0.0             	0.0               	0.0             	0.0            	0.0           	0.0             	0.0          	0.0     	0.0      	0.0              	0.0     	0.0       	0.0             	0.0        	0.0      	0.0             	0.0     	0.0        	0.0      	0.0             	0.0       	0.0     	0.0     	0.0        	0.0             	0.0      	0.0     	0.0       	0.0       	0.0         	0.0  	0.0    	0.0     	0.0                  	0.0          	0.0         	0.0           	0.0             	0.0                      	0.0     	0.0        	0.0             	0.0        	0.0        	0.0  	0.0             	0.0     	0.0   	0.0     	0.0          	0.0            	0.0      	0.0        	0.0          	0.0          	0.0         	0.0        	0.0           	0.0        	0.0          	0.0    	0.0              	0.0          	0.0               	0.0       	0.0    	0.0                     	0.0              	0.0       	0.0 	0.0                 	0.0       	0.0       	0.0       	0.0          	0.0          	0.0             	0.0      	0.0      	0.0          	0.0       	0.0        	0.0       	0.0      	0.0        	0.0       	0.0            	0.0       	0.0       	0.0       	0.0       	0.0       	0.0        
fire lily                	0.0             	0.0      	0.0      	0.0   	0.0      	0.0           	0.0           	0.0         	0.0     	1.0             	0.0               	0.0             	0.0            	0.0           	0.0             	1.0          	0.0     	0.0      	0.0              	0.0     	0.0       	0.0             	0.0        	1.0      	0.0             	0.0     	0.0        	0.0      	0.0             	0.0       	1.0     	0.0     	0.0        	0.0             	2.0      	0.0     	0.0       	0.0       	0.0         	0.0  	0.0    	0.0     	0.0                  	0.0          	0.0         	0.0           	1.0             	0.0                      	0.0     	0.0        	0.0             	1.0        	0.0        	0.0  	0.0             	0.0     	0.0   	0.0     	0.0          	0.0            	0.0      	0.0        	0.0          	0.0          	0.0         	0.0        	0.0           	0.0        	1.0          	0.0    	1.0              	0.0          	0.0               	0.0       	0.0    	0.0                     	0.0              	0.0       	0.0 	0.0                 	0.0       	0.0       	0.0       	0.0          	0.0          	0.0             	0.0      	1.0      	0.0          	1.0       	0.0        	0.0       	0.0      	1.0        	0.0       	0.0            	0.0       	0.0       	0.0       	0.0       	1.0       	0.0        
foxglove                 	0.0             	0.0      	0.0      	0.0   	0.0      	0.0           	0.0           	0.0         	0.0     	0.0             	0.0               	0.0             	0.0            	0.0           	0.0             	0.0          	0.0     	0.0      	0.0              	0.0     	0.0       	0.0             	0.0        	0.0      	0.0             	0.0     	0.0        	0.0      	0.0             	0.0       	0.0     	0.0     	0.0        	0.0             	0.0      	0.0     	0.0       	0.0       	0.0         	0.0  	0.0    	0.0     	0.0                  	0.0          	0.0         	0.0           	0.0             	0.0                      	0.0     	0.0        	0.0             	0.0        	0.0        	0.0  	0.0             	0.0     	0.0   	0.0     	0.0          	0.0            	0.0      	0.0        	0.0          	0.0          	0.0         	0.0        	0.0           	0.0        	0.0          	0.0    	0.0              	0.0          	0.0               	0.0       	0.0    	0.0                     	0.0              	0.0       	0.0 	0.0                 	0.0       	0.0       	0.0       	0.0          	0.0          	0.0             	0.0      	0.0      	0.0          	0.0       	0.0        	0.0       	0.0      	0.0        	0.0       	0.0            	0.0       	0.0       	0.0       	0.0       	0.0       	0.0        
frangipani               	0.0             	0.0      	0.0      	0.0   	0.0      	0.0           	0.0           	0.0         	0.0     	0.0             	0.0               	0.0             	0.0            	0.0           	0.0             	0.0          	0.0     	0.0      	0.0              	0.0     	0.0       	0.0             	0.0        	0.0      	0.0             	0.0     	0.0        	0.0      	0.0             	0.0       	0.0     	0.0     	0.0        	0.0             	0.0      	0.0     	0.0       	0.0       	0.0         	0.0  	0.0    	0.0     	0.0                  	0.0          	0.0         	0.0           	0.0             	0.0                      	0.0     	0.0        	0.0             	0.0        	0.0        	0.0  	0.0             	0.0     	0.0   	0.0     	0.0          	0.0            	0.0      	0.0        	0.0          	0.0          	0.0         	0.0        	0.0           	0.0        	0.0          	0.0    	0.0              	0.0          	0.0               	0.0       	0.0    	0.0                     	0.0              	0.0       	0.0 	0.0                 	0.0       	0.0       	0.0       	0.0          	0.0          	0.0             	0.0      	0.0      	0.0          	0.0       	0.0        	0.0       	0.0      	0.0        	0.0       	0.0            	0.0       	0.0       	0.0       	0.0       	0.0       	0.0        
fritillary               	0.0             	1.0      	0.0      	0.0   	0.0      	1.0           	1.0           	0.0         	0.0     	0.0             	1.0               	0.0             	1.0            	0.0           	1.0             	4.0          	0.0     	1.0      	0.0              	1.0     	1.0       	0.0             	0.0        	1.0      	0.0             	0.0     	1.0        	2.0      	2.0             	1.0       	0.0     	0.0     	2.0        	1.0             	0.0      	2.0     	3.0       	1.0       	2.0         	0.0  	1.0    	3.0     	0.0                  	1.0          	0.0         	0.0           	0.0             	1.0                      	1.0     	0.0        	0.0             	2.0        	1.0        	0.0  	0.0             	4.0     	0.0   	0.0     	0.0          	1.0            	0.0      	0.0        	1.0          	2.0          	0.0         	0.0        	0.0           	0.0        	2.0          	8.0    	4.0              	1.0          	2.0               	0.0       	0.0    	1.0                     	3.0              	1.0       	4.0 	1.0                 	0.0       	0.0       	2.0       	1.0          	0.0          	1.0             	1.0      	1.0      	4.0          	0.0       	0.0        	0.0       	0.0      	0.0        	2.0       	2.0            	1.0       	0.0       	7.0       	2.0       	1.0       	0.0        
garden phlox             	0.0             	0.0      	0.0      	0.0   	0.0      	0.0           	0.0           	0.0         	0.0     	0.0             	0.0               	0.0             	0.0            	0.0           	0.0             	0.0          	0.0     	0.0      	0.0              	0.0     	0.0       	0.0             	0.0        	0.0      	0.0             	0.0     	0.0        	0.0      	0.0             	0.0       	0.0     	0.0     	0.0        	0.0             	0.0      	0.0     	0.0       	0.0       	0.0         	0.0  	0.0    	0.0     	0.0                  	0.0          	0.0         	0.0           	0.0             	0.0                      	0.0     	0.0        	0.0             	0.0        	0.0        	0.0  	0.0             	0.0     	0.0   	0.0     	0.0          	0.0            	0.0      	0.0        	0.0          	0.0          	0.0         	0.0        	0.0           	0.0        	0.0          	0.0    	0.0              	0.0          	0.0               	0.0       	0.0    	0.0                     	0.0              	0.0       	0.0 	0.0                 	0.0       	0.0       	0.0       	0.0          	0.0          	0.0             	0.0      	0.0      	0.0          	0.0       	0.0        	0.0       	0.0      	0.0        	0.0       	0.0            	0.0       	0.0       	0.0       	0.0       	0.0       	0.0        
gaura                    	0.0             	0.0      	0.0      	0.0   	0.0      	0.0           	0.0           	0.0         	0.0     	0.0             	0.0               	0.0             	0.0            	0.0           	0.0             	0.0          	0.0     	0.0      	0.0              	0.0     	0.0       	0.0             	0.0        	0.0      	0.0             	0.0     	0.0        	0.0      	0.0             	0.0       	0.0     	0.0     	0.0        	0.0             	0.0      	0.0     	0.0       	0.0       	0.0         	0.0  	0.0    	0.0     	0.0                  	0.0          	0.0         	0.0           	0.0             	0.0                      	0.0     	0.0        	0.0             	0.0        	0.0        	0.0  	0.0             	0.0     	0.0   	0.0     	0.0          	0.0            	0.0      	0.0        	0.0          	0.0          	0.0         	0.0        	0.0           	0.0        	0.0          	0.0    	0.0              	0.0          	0.0               	0.0       	0.0    	0.0                     	0.0              	0.0       	0.0 	0.0                 	0.0       	0.0       	0.0       	0.0          	0.0          	0.0             	0.0      	0.0      	0.0          	0.0       	0.0        	0.0       	0.0      	0.0        	0.0       	0.0            	0.0       	0.0       	0.0       	0.0       	0.0       	0.0        
gazania                  	3.0             	2.0      	3.0      	2.0   	1.0      	0.0           	19.0          	0.0         	4.0     	7.0             	0.0               	0.0             	0.0            	4.0           	0.0             	3.0          	7.0     	0.0      	0.0              	2.0     	0.0       	0.0             	4.0        	0.0      	0.0             	2.0     	10.0       	5.0      	14.0            	0.0       	2.0     	0.0     	1.0        	3.0             	0.0      	11.0    	2.0       	1.0       	0.0         	1.0  	12.0   	0.0     	0.0                  	2.0          	0.0         	0.0           	3.0             	0.0                      	3.0     	1.0        	0.0             	0.0        	1.0        	1.0  	3.0             	0.0     	1.0   	0.0     	2.0          	5.0            	2.0      	0.0        	4.0          	0.0          	5.0         	2.0        	23.0          	1.0        	5.0          	5.0    	1.0              	1.0          	10.0              	0.0       	1.0    	0.0                     	15.0             	4.0       	0.0 	1.0                 	1.0       	0.0       	0.0       	2.0          	1.0          	2.0             	0.0      	1.0      	1.0          	9.0       	0.0        	0.0       	0.0      	3.0        	0.0       	0.0            	2.0       	1.0       	8.0       	0.0       	1.0       	4.0        
geranium                 	0.0             	7.0      	0.0      	1.0   	3.0      	1.0           	3.0           	0.0         	0.0     	5.0             	15.0              	2.0             	1.0            	0.0           	2.0             	10.0         	0.0     	11.0     	0.0              	3.0     	3.0       	0.0             	6.0        	3.0      	0.0             	0.0     	1.0        	1.0      	1.0             	0.0       	12.0    	1.0     	2.0        	3.0             	2.0      	9.0     	19.0      	3.0       	1.0         	3.0  	0.0    	28.0    	10.0                 	3.0          	0.0         	1.0           	1.0             	2.0                      	3.0     	0.0        	4.0             	1.0        	1.0        	20.0 	0.0             	0.0     	3.0   	0.0     	1.0          	2.0            	1.0      	1.0        	3.0          	1.0          	1.0         	1.0        	5.0           	2.0        	8.0          	11.0   	2.0              	0.0          	1.0               	0.0       	1.0    	0.0                     	1.0              	2.0       	23.0	2.0                 	2.0       	3.0       	1.0       	0.0          	0.0          	0.0             	0.0      	2.0      	1.0          	3.0       	7.0        	3.0       	2.0      	1.0        	1.0       	1.0            	0.0       	25.0      	5.0       	10.0      	3.0       	3.0        
giant white arum lily    	0.0             	0.0      	0.0      	0.0   	0.0      	0.0           	0.0           	0.0         	0.0     	0.0             	0.0               	0.0             	0.0            	0.0           	0.0             	0.0          	0.0     	0.0      	0.0              	0.0     	0.0       	0.0             	0.0        	0.0      	0.0             	0.0     	0.0        	0.0      	0.0             	0.0       	0.0     	0.0     	0.0        	0.0             	0.0      	0.0     	0.0       	0.0       	0.0         	0.0  	0.0    	0.0     	0.0                  	0.0          	0.0         	0.0           	0.0             	0.0                      	0.0     	0.0        	0.0             	0.0        	0.0        	0.0  	0.0             	0.0     	0.0   	0.0     	0.0          	0.0            	0.0      	0.0        	0.0          	0.0          	0.0         	0.0        	0.0           	0.0        	0.0          	0.0    	0.0              	0.0          	0.0               	0.0       	0.0    	0.0                     	0.0              	0.0       	0.0 	0.0                 	0.0       	0.0       	0.0       	0.0          	0.0          	0.0             	0.0      	0.0      	0.0          	0.0       	0.0        	0.0       	0.0      	0.0        	0.0       	0.0            	0.0       	0.0       	0.0       	0.0       	0.0       	0.0        
globe thistle            	0.0             	0.0      	0.0      	0.0   	0.0      	0.0           	0.0           	0.0         	0.0     	0.0             	0.0               	0.0             	0.0            	0.0           	0.0             	0.0          	0.0     	0.0      	0.0              	0.0     	0.0       	0.0             	0.0        	0.0      	0.0             	0.0     	0.0        	0.0      	0.0             	0.0       	0.0     	0.0     	0.0        	0.0             	0.0      	0.0     	0.0       	0.0       	0.0         	0.0  	0.0    	0.0     	0.0                  	0.0          	0.0         	0.0           	0.0             	0.0                      	0.0     	0.0        	0.0             	0.0        	0.0        	0.0  	0.0             	0.0     	0.0   	0.0     	0.0          	0.0            	0.0      	0.0        	0.0          	0.0          	0.0         	0.0        	0.0           	0.0        	0.0          	0.0    	0.0              	0.0          	0.0               	0.0       	0.0    	0.0                     	0.0              	0.0       	0.0 	0.0                 	0.0       	0.0       	0.0       	0.0          	0.0          	0.0             	0.0      	0.0      	0.0          	0.0       	0.0        	0.0       	0.0      	0.0        	0.0       	0.0            	0.0       	0.0       	0.0       	0.0       	0.0       	0.0        
globe-flower             	0.0             	0.0      	0.0      	0.0   	0.0      	0.0           	0.0           	0.0         	0.0     	0.0             	0.0               	0.0             	0.0            	0.0           	0.0             	0.0          	0.0     	0.0      	0.0              	0.0     	0.0       	0.0             	0.0        	0.0      	0.0             	0.0     	0.0        	0.0      	0.0             	0.0       	0.0     	0.0     	0.0        	0.0             	0.0      	0.0     	0.0       	0.0       	0.0         	0.0  	0.0    	0.0     	0.0                  	0.0          	0.0         	0.0           	0.0             	0.0                      	0.0     	0.0        	0.0             	0.0        	0.0        	0.0  	0.0             	0.0     	0.0   	0.0     	0.0          	0.0            	0.0      	0.0        	0.0          	0.0          	0.0         	0.0        	0.0           	0.0        	0.0          	0.0    	0.0              	0.0          	0.0               	0.0       	0.0    	0.0                     	0.0              	0.0       	0.0 	0.0                 	0.0       	0.0       	0.0       	0.0          	0.0          	0.0             	0.0      	0.0      	0.0          	0.0       	0.0        	0.0       	0.0      	0.0        	0.0       	0.0            	0.0       	0.0       	0.0       	0.0       	0.0       	0.0        
grape hyacinth           	0.0             	0.0      	0.0      	0.0   	0.0      	0.0           	0.0           	0.0         	0.0     	0.0             	0.0               	0.0             	0.0            	0.0           	0.0             	0.0          	0.0     	0.0      	0.0              	0.0     	0.0       	0.0             	0.0        	0.0      	0.0             	0.0     	0.0        	0.0      	0.0             	0.0       	0.0     	0.0     	0.0        	0.0             	0.0      	0.0     	0.0       	0.0       	0.0         	0.0  	0.0    	0.0     	0.0                  	0.0          	0.0         	0.0           	0.0             	0.0                      	0.0     	0.0        	0.0             	0.0        	0.0        	0.0  	0.0             	0.0     	0.0   	0.0     	0.0          	0.0            	0.0      	0.0        	0.0          	0.0          	0.0         	0.0        	0.0           	0.0        	0.0          	0.0    	0.0              	0.0          	0.0               	0.0       	0.0    	0.0                     	0.0              	0.0       	0.0 	0.0                 	0.0       	0.0       	0.0       	0.0          	0.0          	0.0             	0.0      	0.0      	0.0          	0.0       	0.0        	0.0       	0.0      	0.0        	0.0       	0.0            	0.0       	0.0       	0.0       	0.0       	0.0       	0.0        
great masterwort         	0.0             	0.0      	0.0      	0.0   	0.0      	0.0           	0.0           	0.0         	0.0     	0.0             	0.0               	0.0             	0.0            	0.0           	0.0             	0.0          	0.0     	0.0      	0.0              	0.0     	0.0       	0.0             	0.0        	0.0      	0.0             	0.0     	0.0        	0.0      	0.0             	0.0       	0.0     	0.0     	0.0        	0.0             	0.0      	0.0     	0.0       	0.0       	0.0         	0.0  	0.0    	0.0     	0.0                  	0.0          	0.0         	0.0           	0.0             	0.0                      	0.0     	0.0        	0.0             	0.0        	0.0        	0.0  	0.0             	0.0     	0.0   	0.0     	0.0          	0.0            	0.0      	0.0        	0.0          	0.0          	0.0         	0.0        	0.0           	0.0        	0.0          	0.0    	0.0              	0.0          	0.0               	0.0       	0.0    	0.0                     	0.0              	0.0       	0.0 	0.0                 	0.0       	0.0       	0.0       	0.0          	0.0          	0.0             	0.0      	0.0      	0.0          	0.0       	0.0        	0.0       	0.0      	0.0        	0.0       	0.0            	0.0       	0.0       	0.0       	0.0       	0.0       	0.0        
hard-leaved pocket orchid	0.0             	1.0      	0.0      	0.0   	0.0      	1.0           	1.0           	0.0         	0.0     	4.0             	0.0               	0.0             	0.0            	0.0           	0.0             	0.0          	0.0     	0.0      	0.0              	0.0     	0.0       	1.0             	1.0        	2.0      	0.0             	0.0     	0.0        	3.0      	1.0             	0.0       	5.0     	0.0     	0.0        	1.0             	2.0      	1.0     	1.0       	0.0       	0.0         	0.0  	0.0    	0.0     	3.0                  	0.0          	0.0         	0.0           	0.0             	5.0                      	0.0     	0.0        	0.0             	0.0        	0.0        	0.0  	0.0             	0.0     	0.0   	0.0     	0.0          	0.0            	0.0      	1.0        	0.0          	0.0          	0.0         	0.0        	1.0           	0.0        	3.0          	0.0    	0.0              	0.0          	0.0               	1.0       	0.0    	0.0                     	0.0              	1.0       	1.0 	8.0                 	0.0       	0.0       	0.0       	0.0          	1.0          	0.0             	0.0      	0.0      	0.0          	0.0       	1.0        	0.0       	0.0      	0.0        	0.0       	0.0            	0.0       	2.0       	0.0       	0.0       	0.0       	0.0        
hibiscus                 	0.0             	3.0      	0.0      	2.0   	2.0      	0.0           	6.0           	1.0         	0.0     	1.0             	0.0               	0.0             	0.0            	0.0           	0.0             	0.0          	3.0     	0.0      	0.0              	2.0     	1.0       	0.0             	0.0        	0.0      	0.0             	0.0     	0.0        	0.0      	2.0             	0.0       	2.0     	1.0     	0.0        	1.0             	0.0      	3.0     	9.0       	1.0       	0.0         	1.0  	1.0    	2.0     	0.0                  	0.0          	0.0         	0.0           	1.0             	0.0                      	4.0     	2.0        	0.0             	1.0        	0.0        	4.0  	0.0             	0.0     	3.0   	0.0     	0.0          	0.0            	1.0      	1.0        	4.0          	2.0          	0.0         	1.0        	9.0           	0.0        	1.0          	6.0    	0.0              	1.0          	12.0              	0.0       	1.0    	0.0                     	1.0              	0.0       	1.0 	3.0                 	0.0       	0.0       	0.0       	0.0          	0.0          	0.0             	1.0      	1.0      	1.0          	2.0       	5.0        	1.0       	0.0      	2.0        	1.0       	1.0            	0.0       	6.0       	3.0       	2.0       	1.0       	1.0        
hippeastrum              	0.0             	1.0      	0.0      	0.0   	1.0      	1.0           	3.0           	0.0         	0.0     	0.0             	0.0               	0.0             	0.0            	0.0           	0.0             	1.0          	0.0     	1.0      	0.0              	0.0     	2.0       	0.0             	0.0        	1.0      	0.0             	4.0     	1.0        	0.0      	0.0             	0.0       	3.0     	0.0     	0.0        	0.0             	1.0      	4.0     	0.0       	0.0       	0.0         	0.0  	0.0    	0.0     	0.0                  	0.0          	0.0         	0.0           	0.0             	2.0                      	2.0     	10.0       	1.0             	2.0        	0.0        	1.0  	1.0             	0.0     	1.0   	0.0     	0.0          	1.0            	0.0      	1.0        	1.0          	0.0          	0.0         	3.0        	0.0           	0.0        	1.0          	0.0    	1.0              	0.0          	0.0               	0.0       	0.0    	0.0                     	0.0              	1.0       	0.0 	14.0                	0.0       	0.0       	0.0       	1.0          	0.0          	1.0             	4.0      	1.0      	0.0          	1.0       	2.0        	0.0       	0.0      	0.0        	4.0       	1.0            	0.0       	13.0      	0.0       	0.0       	0.0       	0.0        
japanese anemone         	0.0             	0.0      	0.0      	0.0   	0.0      	0.0           	0.0           	0.0         	0.0     	0.0             	0.0               	0.0             	0.0            	0.0           	0.0             	0.0          	0.0     	0.0      	0.0              	0.0     	0.0       	0.0             	0.0        	0.0      	0.0             	0.0     	0.0        	0.0      	0.0             	0.0       	0.0     	0.0     	0.0        	0.0             	0.0      	0.0     	0.0       	0.0       	0.0         	0.0  	0.0    	0.0     	0.0                  	0.0          	0.0         	0.0           	0.0             	0.0                      	0.0     	0.0        	0.0             	0.0        	0.0        	0.0  	0.0             	0.0     	0.0   	0.0     	0.0          	0.0            	0.0      	0.0        	0.0          	0.0          	0.0         	0.0        	0.0           	0.0        	0.0          	0.0    	0.0              	0.0          	0.0               	0.0       	0.0    	0.0                     	0.0              	0.0       	0.0 	0.0                 	0.0       	0.0       	0.0       	0.0          	0.0          	0.0             	0.0      	0.0      	0.0          	0.0       	0.0        	0.0       	0.0      	0.0        	0.0       	0.0            	0.0       	0.0       	0.0       	0.0       	0.0       	0.0        
king protea              	0.0             	0.0      	0.0      	0.0   	0.0      	0.0           	0.0           	0.0         	0.0     	0.0             	0.0               	0.0             	0.0            	0.0           	0.0             	0.0          	0.0     	0.0      	0.0              	0.0     	0.0       	0.0             	0.0        	0.0      	0.0             	0.0     	0.0        	0.0      	0.0             	0.0       	0.0     	0.0     	0.0        	0.0             	0.0      	0.0     	0.0       	0.0       	0.0         	0.0  	0.0    	0.0     	0.0                  	0.0          	0.0         	0.0           	0.0             	0.0                      	0.0     	0.0        	0.0             	0.0        	0.0        	0.0  	0.0             	0.0     	0.0   	0.0     	0.0          	0.0            	0.0      	0.0        	0.0          	0.0          	0.0         	0.0        	0.0           	0.0        	0.0          	0.0    	0.0              	0.0          	0.0               	0.0       	0.0    	0.0                     	0.0              	0.0       	0.0 	0.0                 	0.0       	0.0       	0.0       	0.0          	0.0          	0.0             	0.0      	0.0      	0.0          	0.0       	0.0        	0.0       	0.0      	0.0        	0.0       	0.0            	0.0       	0.0       	0.0       	0.0       	0.0       	0.0        
lenten rose              	0.0             	1.0      	0.0      	2.0   	0.0      	0.0           	0.0           	0.0         	1.0     	1.0             	0.0               	0.0             	0.0            	1.0           	1.0             	3.0          	1.0     	1.0      	0.0              	1.0     	0.0       	1.0             	0.0        	1.0      	0.0             	1.0     	0.0        	0.0      	0.0             	1.0       	0.0     	0.0     	1.0        	1.0             	0.0      	1.0     	2.0       	0.0       	0.0         	0.0  	0.0    	5.0     	1.0                  	0.0          	0.0         	0.0           	0.0             	1.0                      	1.0     	1.0        	1.0             	0.0        	2.0        	3.0  	0.0             	1.0     	0.0   	0.0     	0.0          	1.0            	0.0      	0.0        	2.0          	0.0          	0.0         	0.0        	1.0           	0.0        	1.0          	7.0    	0.0              	2.0          	1.0               	1.0       	0.0    	0.0                     	0.0              	1.0       	3.0 	1.0                 	0.0       	0.0       	2.0       	0.0          	0.0          	0.0             	0.0      	0.0      	2.0          	1.0       	1.0        	0.0       	0.0      	1.0        	2.0       	0.0            	0.0       	3.0       	6.0       	0.0       	2.0       	0.0        
lotus                    	0.0             	0.0      	0.0      	0.0   	0.0      	0.0           	0.0           	0.0         	0.0     	1.0             	0.0               	0.0             	0.0            	0.0           	0.0             	0.0          	0.0     	0.0      	0.0              	0.0     	0.0       	0.0             	0.0        	0.0      	0.0             	0.0     	0.0        	0.0      	0.0             	0.0       	1.0     	0.0     	0.0        	0.0             	0.0      	0.0     	0.0       	0.0       	0.0         	0.0  	0.0    	0.0     	0.0                  	0.0          	0.0         	0.0           	0.0             	0.0                      	0.0     	0.0        	1.0             	1.0        	0.0        	1.0  	0.0             	0.0     	0.0   	0.0     	0.0          	0.0            	0.0      	0.0        	0.0          	0.0          	0.0         	0.0        	0.0           	0.0        	0.0          	0.0    	0.0              	0.0          	0.0               	0.0       	0.0    	0.0                     	0.0              	0.0       	0.0 	0.0                 	0.0       	0.0       	0.0       	0.0          	0.0          	0.0             	0.0      	0.0      	0.0          	0.0       	0.0        	0.0       	0.0      	0.0        	0.0       	0.0            	0.0       	1.0       	0.0       	0.0       	0.0       	0.0        
love in the mist         	0.0             	0.0      	0.0      	0.0   	0.0      	0.0           	0.0           	0.0         	0.0     	0.0             	0.0               	0.0             	0.0            	0.0           	0.0             	0.0          	0.0     	0.0      	0.0              	0.0     	0.0       	0.0             	0.0        	0.0      	0.0             	0.0     	0.0        	0.0      	0.0             	0.0       	0.0     	0.0     	0.0        	0.0             	0.0      	0.0     	0.0       	0.0       	0.0         	0.0  	0.0    	0.0     	0.0                  	0.0          	0.0         	0.0           	0.0             	0.0                      	0.0     	0.0        	0.0             	0.0        	0.0        	0.0  	0.0             	0.0     	0.0   	0.0     	0.0          	0.0            	0.0      	0.0        	0.0          	0.0          	0.0         	0.0        	0.0           	0.0        	0.0          	0.0    	0.0              	0.0          	0.0               	0.0       	0.0    	0.0                     	0.0              	0.0       	0.0 	0.0                 	0.0       	0.0       	0.0       	0.0          	0.0          	0.0             	0.0      	0.0      	0.0          	0.0       	0.0        	0.0       	0.0      	0.0        	0.0       	0.0            	0.0       	0.0       	0.0       	0.0       	0.0       	0.0        
magnolia                 	2.0             	8.0      	12.0     	14.0  	2.0      	4.0           	3.0           	4.0         	4.0     	1.0             	0.0               	0.0             	5.0            	4.0           	6.0             	10.0         	3.0     	1.0      	0.0              	7.0     	7.0       	2.0             	7.0        	0.0      	0.0             	3.0     	1.0        	8.0      	2.0             	1.0       	6.0     	4.0     	10.0       	5.0             	1.0      	16.0    	5.0       	5.0       	3.0         	3.0  	4.0    	3.0     	1.0                  	1.0          	2.0         	0.0           	7.0             	0.0                      	12.0    	0.0        	1.0             	2.0        	10.0       	5.0  	2.0             	19.0    	4.0   	14.0    	2.0          	11.0           	8.0      	1.0        	8.0          	2.0          	0.0         	3.0        	7.0           	5.0        	1.0          	28.0   	7.0              	1.0          	3.0               	0.0       	8.0    	3.0                     	5.0              	3.0       	10.0	2.0                 	2.0       	0.0       	11.0      	5.0          	4.0          	9.0             	2.0      	4.0      	17.0         	17.0      	2.0        	3.0       	0.0      	2.0        	6.0       	9.0            	8.0       	1.0       	25.0      	2.0       	5.0       	4.0        
mallow                   	0.0             	0.0      	0.0      	0.0   	0.0      	0.0           	0.0           	0.0         	0.0     	0.0             	0.0               	0.0             	0.0            	0.0           	0.0             	0.0          	0.0     	0.0      	0.0              	0.0     	0.0       	0.0             	0.0        	0.0      	0.0             	0.0     	0.0        	0.0      	0.0             	0.0       	0.0     	0.0     	0.0        	0.0             	0.0      	0.0     	0.0       	0.0       	0.0         	0.0  	0.0    	0.0     	0.0                  	0.0          	0.0         	0.0           	0.0             	0.0                      	0.0     	0.0        	0.0             	0.0        	0.0        	0.0  	0.0             	0.0     	0.0   	0.0     	0.0          	0.0            	0.0      	0.0        	0.0          	0.0          	0.0         	0.0        	0.0           	0.0        	0.0          	0.0    	0.0              	0.0          	0.0               	0.0       	0.0    	0.0                     	0.0              	0.0       	0.0 	0.0                 	0.0       	0.0       	0.0       	0.0          	0.0          	0.0             	0.0      	0.0      	0.0          	0.0       	0.0        	0.0       	0.0      	0.0        	0.0       	0.0            	0.0       	0.0       	0.0       	0.0       	0.0       	0.0        
marigold                 	0.0             	1.0      	0.0      	2.0   	0.0      	0.0           	0.0           	2.0         	0.0     	0.0             	0.0               	0.0             	1.0            	2.0           	0.0             	1.0          	1.0     	1.0      	0.0              	0.0     	0.0       	0.0             	0.0        	1.0      	0.0             	1.0     	0.0        	0.0      	0.0             	1.0       	1.0     	0.0     	1.0        	2.0             	0.0      	2.0     	0.0       	0.0       	1.0         	0.0  	0.0    	2.0     	0.0                  	1.0          	0.0         	0.0           	1.0             	3.0                      	0.0     	0.0        	0.0             	0.0        	0.0        	3.0  	0.0             	0.0     	0.0   	1.0     	0.0          	2.0            	0.0      	0.0        	0.0          	0.0          	0.0         	0.0        	0.0           	0.0        	0.0          	6.0    	0.0              	0.0          	3.0               	2.0       	1.0    	0.0                     	0.0              	0.0       	1.0 	0.0                 	0.0       	0.0       	0.0       	1.0          	0.0          	0.0             	0.0      	0.0      	0.0          	1.0       	3.0        	0.0       	1.0      	1.0        	1.0       	1.0            	0.0       	4.0       	2.0       	0.0       	1.0       	0.0        
mexican aster            	0.0             	0.0      	0.0      	0.0   	0.0      	0.0           	0.0           	0.0         	0.0     	0.0             	0.0               	0.0             	0.0            	0.0           	0.0             	0.0          	0.0     	0.0      	0.0              	0.0     	0.0       	0.0             	0.0        	0.0      	0.0             	0.0     	0.0        	0.0      	0.0             	0.0       	0.0     	0.0     	0.0        	0.0             	0.0      	0.0     	0.0       	0.0       	0.0         	0.0  	0.0    	0.0     	0.0                  	0.0          	0.0         	0.0           	0.0             	0.0                      	0.0     	0.0        	0.0             	0.0        	0.0        	0.0  	0.0             	0.0     	0.0   	0.0     	0.0          	0.0            	0.0      	0.0        	0.0          	0.0          	0.0         	0.0        	0.0           	0.0        	0.0          	0.0    	0.0              	0.0          	0.0               	0.0       	0.0    	0.0                     	0.0              	0.0       	0.0 	0.0                 	0.0       	0.0       	0.0       	0.0          	0.0          	0.0             	0.0      	0.0      	0.0          	0.0       	0.0        	0.0       	0.0      	0.0        	0.0       	0.0            	0.0       	0.0       	0.0       	0.0       	0.0       	0.0        
mexican petunia          	0.0             	0.0      	0.0      	0.0   	0.0      	0.0           	0.0           	0.0         	0.0     	0.0             	0.0               	0.0             	0.0            	0.0           	0.0             	0.0          	0.0     	0.0      	0.0              	0.0     	0.0       	0.0             	0.0        	0.0      	0.0             	0.0     	0.0        	0.0      	0.0             	0.0       	0.0     	0.0     	0.0        	0.0             	0.0      	0.0     	0.0       	0.0       	0.0         	0.0  	0.0    	0.0     	0.0                  	0.0          	0.0         	0.0           	0.0             	0.0                      	0.0     	0.0        	0.0             	0.0        	0.0        	0.0  	0.0             	0.0     	0.0   	0.0     	0.0          	0.0            	0.0      	0.0        	0.0          	0.0          	0.0         	0.0        	0.0           	0.0        	0.0          	0.0    	0.0              	0.0          	0.0               	0.0       	0.0    	0.0                     	0.0              	0.0       	0.0 	0.0                 	0.0       	0.0       	0.0       	0.0          	0.0          	0.0             	0.0      	0.0      	0.0          	0.0       	0.0        	0.0       	0.0      	0.0        	0.0       	0.0            	0.0       	0.0       	0.0       	0.0       	0.0       	0.0        
monkshood                	0.0             	0.0      	0.0      	0.0   	0.0      	0.0           	0.0           	0.0         	0.0     	0.0             	0.0               	0.0             	0.0            	0.0           	0.0             	0.0          	0.0     	1.0      	0.0              	1.0     	0.0       	0.0             	0.0        	0.0      	0.0             	0.0     	0.0        	0.0      	0.0             	1.0       	0.0     	0.0     	0.0        	0.0             	0.0      	2.0     	1.0       	0.0       	0.0         	0.0  	0.0    	0.0     	0.0                  	0.0          	0.0         	0.0           	0.0             	0.0                      	0.0     	0.0        	0.0             	0.0        	0.0        	1.0  	0.0             	0.0     	0.0   	0.0     	0.0          	0.0            	0.0      	0.0        	0.0          	0.0          	0.0         	0.0        	0.0           	1.0        	0.0          	0.0    	0.0              	0.0          	0.0               	0.0       	0.0    	0.0                     	0.0              	0.0       	0.0 	0.0                 	0.0       	0.0       	1.0       	1.0          	0.0          	0.0             	0.0      	0.0      	0.0          	0.0       	1.0        	0.0       	0.0      	0.0        	1.0       	0.0            	0.0       	0.0       	1.0       	0.0       	0.0       	0.0        
moon orchid              	0.0             	2.0      	1.0      	0.0   	0.0      	0.0           	0.0           	0.0         	0.0     	2.0             	0.0               	0.0             	0.0            	1.0           	0.0             	3.0          	1.0     	0.0      	0.0              	3.0     	0.0       	0.0             	1.0        	3.0      	0.0             	0.0     	2.0        	0.0      	0.0             	0.0       	1.0     	0.0     	0.0        	0.0             	0.0      	2.0     	0.0       	0.0       	0.0         	0.0  	0.0    	0.0     	2.0                  	0.0          	0.0         	0.0           	0.0             	2.0                      	1.0     	3.0        	0.0             	0.0        	0.0        	0.0  	0.0             	0.0     	1.0   	0.0     	0.0          	1.0            	0.0      	2.0        	0.0          	0.0          	0.0         	0.0        	0.0           	0.0        	1.0          	0.0    	0.0              	0.0          	0.0               	0.0       	0.0    	0.0                     	1.0              	0.0       	1.0 	1.0                 	0.0       	0.0       	1.0       	0.0          	0.0          	0.0             	0.0      	0.0      	1.0          	0.0       	6.0        	0.0       	0.0      	0.0        	0.0       	2.0            	0.0       	9.0       	0.0       	1.0       	0.0       	0.0        
morning glory            	0.0             	0.0      	0.0      	0.0   	0.0      	0.0           	0.0           	0.0         	0.0     	0.0             	0.0               	0.0             	0.0            	0.0           	0.0             	0.0          	0.0     	0.0      	0.0              	0.0     	0.0       	0.0             	0.0        	0.0      	0.0             	0.0     	0.0        	0.0      	0.0             	0.0       	0.0     	0.0     	0.0        	0.0             	0.0      	0.0     	0.0       	0.0       	0.0         	0.0  	0.0    	0.0     	0.0                  	0.0          	0.0         	0.0           	0.0             	0.0                      	0.0     	0.0        	0.0             	0.0        	0.0        	0.0  	0.0             	0.0     	0.0   	0.0     	0.0          	0.0            	0.0      	0.0        	0.0          	0.0          	0.0         	0.0        	0.0           	0.0        	0.0          	0.0    	0.0              	0.0          	0.0               	0.0       	0.0    	0.0                     	0.0              	0.0       	0.0 	0.0                 	0.0       	0.0       	0.0       	0.0          	0.0          	0.0             	0.0      	0.0      	0.0          	0.0       	0.0        	0.0       	0.0      	0.0        	0.0       	0.0            	0.0       	0.0       	0.0       	0.0       	0.0       	0.0        
orange dahlia            	0.0             	0.0      	0.0      	0.0   	1.0      	1.0           	1.0           	0.0         	0.0     	1.0             	0.0               	0.0             	0.0            	0.0           	0.0             	2.0          	2.0     	0.0      	1.0              	0.0     	1.0       	0.0             	1.0        	0.0      	0.0             	0.0     	1.0        	0.0      	0.0             	0.0       	0.0     	0.0     	0.0        	0.0             	0.0      	0.0     	0.0       	0.0       	0.0         	0.0  	3.0    	0.0     	0.0                  	0.0          	0.0         	0.0           	1.0             	0.0                      	1.0     	0.0        	0.0             	0.0        	0.0        	2.0  	2.0             	0.0     	0.0   	0.0     	0.0          	0.0            	0.0      	0.0        	0.0          	6.0          	1.0         	0.0        	0.0           	0.0        	1.0          	1.0    	0.0              	0.0          	0.0               	0.0       	0.0    	0.0                     	1.0              	0.0       	2.0 	0.0                 	0.0       	0.0       	0.0       	0.0          	0.0          	0.0             	0.0      	0.0      	0.0          	0.0       	0.0        	1.0       	0.0      	0.0        	0.0       	0.0            	0.0       	0.0       	1.0       	0.0       	0.0       	0.0        
osteospermum             	1.0             	1.0      	0.0      	1.0   	0.0      	0.0           	1.0           	0.0         	0.0     	1.0             	1.0               	2.0             	0.0            	0.0           	0.0             	4.0          	0.0     	0.0      	1.0              	1.0     	2.0       	0.0             	0.0        	1.0      	1.0             	1.0     	0.0        	1.0      	1.0             	1.0       	1.0     	1.0     	1.0        	3.0             	0.0      	1.0     	8.0       	0.0       	0.0         	1.0  	0.0    	3.0     	0.0                  	1.0          	0.0         	0.0           	2.0             	1.0                      	1.0     	0.0        	0.0             	0.0        	3.0        	4.0  	2.0             	0.0     	0.0   	0.0     	1.0          	1.0            	0.0      	0.0        	0.0          	1.0          	2.0         	0.0        	1.0           	0.0        	3.0          	11.0   	1.0              	0.0          	3.0               	0.0       	0.0    	1.0                     	2.0              	2.0       	3.0 	0.0                 	0.0       	1.0       	1.0       	0.0          	0.0          	0.0             	0.0      	2.0      	0.0          	1.0       	0.0        	2.0       	1.0      	0.0        	1.0       	0.0            	3.0       	2.0       	4.0       	2.0       	0.0       	0.0        
oxeye daisy              	0.0             	0.0      	0.0      	0.0   	0.0      	0.0           	0.0           	0.0         	0.0     	0.0             	0.0               	0.0             	0.0            	0.0           	0.0             	0.0          	0.0     	0.0      	0.0              	0.0     	0.0       	0.0             	0.0        	0.0      	0.0             	0.0     	0.0        	0.0      	0.0             	0.0       	0.0     	0.0     	0.0        	0.0             	0.0      	0.0     	0.0       	0.0       	0.0         	0.0  	0.0    	0.0     	0.0                  	0.0          	0.0         	0.0           	0.0             	0.0                      	0.0     	0.0        	0.0             	0.0        	0.0        	0.0  	0.0             	0.0     	0.0   	0.0     	0.0          	0.0            	0.0      	0.0        	0.0          	0.0          	0.0         	0.0        	0.0           	0.0        	0.0          	0.0    	0.0              	0.0          	0.0               	0.0       	0.0    	0.0                     	0.0              	0.0       	0.0 	0.0                 	0.0       	0.0       	0.0       	0.0          	0.0          	0.0             	0.0      	0.0      	0.0          	0.0       	0.0        	0.0       	0.0      	0.0        	0.0       	0.0            	0.0       	0.0       	0.0       	0.0       	0.0       	0.0        
passion flower           	0.0             	0.0      	0.0      	0.0   	0.0      	0.0           	0.0           	0.0         	0.0     	0.0             	0.0               	0.0             	0.0            	0.0           	0.0             	0.0          	0.0     	0.0      	0.0              	0.0     	0.0       	0.0             	0.0        	0.0      	0.0             	0.0     	0.0        	0.0      	0.0             	0.0       	0.0     	0.0     	0.0        	0.0             	0.0      	0.0     	0.0       	0.0       	0.0         	0.0  	0.0    	0.0     	0.0                  	0.0          	0.0         	0.0           	0.0             	0.0                      	0.0     	0.0        	0.0             	0.0        	0.0        	0.0  	0.0             	0.0     	0.0   	0.0     	0.0          	0.0            	0.0      	0.0        	0.0          	0.0          	0.0         	0.0        	0.0           	0.0        	0.0          	0.0    	0.0              	0.0          	0.0               	0.0       	0.0    	0.0                     	0.0              	0.0       	0.0 	0.0                 	0.0       	0.0       	0.0       	0.0          	0.0          	0.0             	0.0      	0.0      	0.0          	0.0       	0.0        	0.0       	0.0      	0.0        	0.0       	0.0            	0.0       	0.0       	0.0       	0.0       	0.0       	0.0        
pelargonium              	0.0             	4.0      	1.0      	7.0   	0.0      	0.0           	1.0           	0.0         	4.0     	0.0             	4.0               	1.0             	0.0            	2.0           	0.0             	3.0          	2.0     	1.0      	0.0              	2.0     	0.0       	3.0             	5.0        	3.0      	0.0             	1.0     	4.0        	3.0      	7.0             	2.0       	5.0     	5.0     	6.0        	2.0             	1.0      	11.0    	3.0       	3.0       	1.0         	1.0  	1.0    	2.0     	1.0                  	1.0          	0.0         	2.0           	0.0             	0.0                      	2.0     	0.0        	2.0             	0.0        	4.0        	2.0  	3.0             	1.0     	2.0   	3.0     	0.0          	2.0            	1.0      	0.0        	2.0          	0.0          	6.0         	2.0        	4.0           	8.0        	1.0          	8.0    	3.0              	1.0          	2.0               	0.0       	2.0    	1.0                     	2.0              	0.0       	2.0 	0.0                 	1.0       	0.0       	4.0       	0.0          	3.0          	0.0             	0.0      	2.0      	3.0          	4.0       	1.0        	0.0       	0.0      	0.0        	1.0       	2.0            	12.0      	1.0       	4.0       	5.0       	2.0       	1.0        
peruvian lily            	0.0             	0.0      	0.0      	0.0   	0.0      	0.0           	0.0           	0.0         	0.0     	0.0             	0.0               	0.0             	0.0            	0.0           	0.0             	0.0          	0.0     	0.0      	0.0              	1.0     	0.0       	0.0             	0.0        	0.0      	0.0             	0.0     	0.0        	0.0      	0.0             	0.0       	0.0     	0.0     	0.0        	0.0             	0.0      	0.0     	0.0       	0.0       	0.0         	0.0  	0.0    	0.0     	0.0                  	0.0          	0.0         	0.0           	0.0             	0.0                      	0.0     	0.0        	0.0             	0.0        	0.0        	0.0  	0.0             	0.0     	0.0   	0.0     	0.0          	0.0            	0.0      	0.0        	0.0          	0.0          	0.0         	0.0        	2.0           	0.0        	1.0          	0.0    	0.0              	0.0          	0.0               	0.0       	0.0    	0.0                     	0.0              	0.0       	0.0 	0.0                 	0.0       	0.0       	0.0       	0.0          	0.0          	0.0             	0.0      	0.0      	0.0          	0.0       	0.0        	0.0       	0.0      	0.0        	0.0       	0.0            	0.0       	0.0       	0.0       	0.0       	0.0       	0.0        
petunia                  	0.0             	1.0      	0.0      	2.0   	0.0      	0.0           	0.0           	1.0         	1.0     	0.0             	2.0               	0.0             	0.0            	0.0           	1.0             	2.0          	0.0     	1.0      	0.0              	3.0     	2.0       	0.0             	1.0        	3.0      	1.0             	0.0     	0.0        	1.0      	5.0             	0.0       	9.0     	2.0     	0.0        	4.0             	0.0      	4.0     	9.0       	5.0       	0.0         	0.0  	0.0    	11.0    	0.0                  	0.0          	1.0         	0.0           	1.0             	0.0                      	3.0     	0.0        	1.0             	0.0        	0.0        	11.0 	1.0             	0.0     	1.0   	0.0     	2.0          	0.0            	0.0      	1.0        	1.0          	1.0          	4.0         	0.0        	3.0           	0.0        	1.0          	10.0   	0.0              	0.0          	9.0               	0.0       	3.0    	0.0                     	0.0              	0.0       	6.0 	0.0                 	1.0       	1.0       	0.0       	1.0          	0.0          	0.0             	1.0      	3.0      	0.0          	4.0       	0.0        	1.0       	1.0      	1.0        	1.0       	1.0            	0.0       	1.0       	10.0      	0.0       	0.0       	1.0        
pincushion flower        	0.0             	0.0      	0.0      	0.0   	0.0      	0.0           	0.0           	0.0         	0.0     	0.0             	0.0               	0.0             	0.0            	0.0           	0.0             	0.0          	0.0     	0.0      	0.0              	0.0     	0.0       	0.0             	0.0        	0.0      	0.0             	0.0     	0.0        	0.0      	0.0             	0.0       	0.0     	0.0     	0.0        	0.0             	0.0      	0.0     	0.0       	0.0       	0.0         	0.0  	0.0    	0.0     	0.0                  	0.0          	0.0         	0.0           	0.0             	0.0                      	0.0     	0.0        	0.0             	0.0        	0.0        	0.0  	0.0             	0.0     	0.0   	0.0     	0.0          	0.0            	0.0      	0.0        	0.0          	0.0          	0.0         	0.0        	0.0           	0.0        	0.0          	0.0    	0.0              	0.0          	0.0               	0.0       	0.0    	0.0                     	0.0              	0.0       	0.0 	0.0                 	0.0       	0.0       	0.0       	0.0          	0.0          	0.0             	0.0      	0.0      	0.0          	0.0       	0.0        	0.0       	0.0      	0.0        	0.0       	0.0            	0.0       	0.0       	0.0       	0.0       	0.0       	0.0        
pink primrose            	0.0             	0.0      	0.0      	0.0   	0.0      	0.0           	0.0           	0.0         	0.0     	0.0             	0.0               	0.0             	0.0            	0.0           	0.0             	0.0          	0.0     	0.0      	0.0              	0.0     	0.0       	0.0             	0.0        	0.0      	0.0             	0.0     	0.0        	0.0      	0.0             	0.0       	0.0     	0.0     	0.0        	0.0             	0.0      	0.0     	0.0       	0.0       	0.0         	0.0  	0.0    	0.0     	0.0                  	0.0          	0.0         	0.0           	0.0             	0.0                      	0.0     	0.0        	0.0             	0.0        	0.0        	0.0  	0.0             	0.0     	0.0   	0.0     	0.0          	0.0            	0.0      	0.0        	0.0          	0.0          	0.0         	0.0        	0.0           	0.0        	0.0          	0.0    	0.0              	0.0          	0.0               	0.0       	0.0    	0.0                     	0.0              	0.0       	0.0 	0.0                 	0.0       	0.0       	0.0       	0.0          	0.0          	0.0             	0.0      	0.0      	0.0          	0.0       	0.0        	0.0       	0.0      	0.0        	0.0       	0.0            	0.0       	0.0       	0.0       	0.0       	0.0       	0.0        
pink-yellow dahlia       	0.0             	4.0      	0.0      	3.0   	3.0      	0.0           	5.0           	1.0         	0.0     	2.0             	0.0               	0.0             	1.0            	0.0           	0.0             	7.0          	4.0     	0.0      	0.0              	2.0     	2.0       	0.0             	2.0        	0.0      	0.0             	1.0     	1.0        	3.0      	0.0             	0.0       	6.0     	1.0     	0.0        	0.0             	1.0      	3.0     	7.0       	1.0       	0.0         	2.0  	1.0    	5.0     	2.0                  	0.0          	1.0         	1.0           	1.0             	0.0                      	8.0     	1.0        	1.0             	2.0        	1.0        	7.0  	0.0             	0.0     	0.0   	1.0     	1.0          	5.0            	1.0      	0.0        	6.0          	0.0          	0.0         	1.0        	5.0           	0.0        	7.0          	6.0    	1.0              	0.0          	9.0               	0.0       	2.0    	0.0                     	2.0              	0.0       	2.0 	1.0                 	0.0       	0.0       	0.0       	1.0          	0.0          	0.0             	0.0      	0.0      	0.0          	9.0       	6.0        	0.0       	1.0      	3.0        	0.0       	1.0            	0.0       	21.0      	6.0       	0.0       	3.0       	0.0        
poinsettia               	6.0             	11.0     	14.0     	10.0  	3.0      	7.0           	14.0          	12.0        	2.0     	9.0             	0.0               	0.0             	0.0            	3.0           	3.0             	7.0          	4.0     	2.0      	0.0              	4.0     	15.0      	1.0             	0.0        	1.0      	0.0             	39.0    	7.0        	1.0      	3.0             	1.0       	4.0     	3.0     	2.0        	1.0             	3.0      	7.0     	14.0      	1.0       	0.0         	3.0  	4.0    	0.0     	2.0                  	1.0          	1.0         	0.0           	2.0             	7.0                      	20.0    	8.0        	3.0             	7.0        	3.0        	7.0  	2.0             	1.0     	3.0   	8.0     	1.0          	5.0            	1.0      	1.0        	8.0          	0.0          	0.0         	3.0        	72.0          	0.0        	5.0          	14.0   	1.0              	3.0          	1.0               	43.0      	9.0    	4.0                     	4.0              	1.0       	4.0 	7.0                 	2.0       	0.0       	1.0       	1.0          	2.0          	6.0             	8.0      	0.0      	4.0          	20.0      	36.0       	2.0       	0.0      	5.0        	4.0       	1.0            	0.0       	19.0      	14.0      	4.0       	2.0       	2.0        
primula                  	3.0             	12.0     	11.0     	9.0   	1.0      	3.0           	10.0          	2.0         	2.0     	3.0             	0.0               	0.0             	2.0            	0.0           	3.0             	7.0          	3.0     	1.0      	0.0              	17.0    	6.0       	4.0             	3.0        	1.0      	0.0             	22.0    	8.0        	2.0      	3.0             	2.0       	14.0    	5.0     	4.0        	1.0             	2.0      	14.0    	8.0       	1.0       	7.0         	0.0  	1.0    	1.0     	2.0                  	2.0          	0.0         	0.0           	0.0             	5.0                      	23.0    	5.0        	5.0             	7.0        	7.0        	7.0  	1.0             	7.0     	8.0   	8.0     	3.0          	5.0            	1.0      	3.0        	12.0         	1.0          	0.0         	4.0        	33.0          	1.0        	2.0          	29.0   	1.0              	1.0          	6.0               	13.0      	18.0   	6.0                     	3.0              	0.0       	1.0 	1.0                 	3.0       	0.0       	8.0       	2.0          	4.0          	8.0             	7.0      	0.0      	20.0         	13.0      	15.0       	1.0       	0.0      	3.0        	6.0       	9.0            	0.0       	21.0      	13.0      	1.0       	1.0       	1.0        
prince of wales feathers 	3.0             	6.0      	5.0      	3.0   	2.0      	0.0           	18.0          	2.0         	5.0     	5.0             	0.0               	0.0             	4.0            	5.0           	0.0             	5.0          	5.0     	1.0      	0.0              	3.0     	5.0       	1.0             	4.0        	1.0      	0.0             	7.0     	3.0        	2.0      	2.0             	2.0       	3.0     	1.0     	2.0        	1.0             	0.0      	12.0    	6.0       	2.0       	4.0         	0.0  	12.0   	0.0     	0.0                  	1.0          	0.0         	0.0           	3.0             	0.0                      	7.0     	0.0        	0.0             	0.0        	2.0        	2.0  	3.0             	2.0     	4.0   	5.0     	1.0          	7.0            	1.0      	0.0        	6.0          	0.0          	0.0         	0.0        	25.0          	3.0        	5.0          	13.0   	0.0              	3.0          	2.0               	1.0       	10.0   	2.0                     	4.0              	1.0       	1.0 	1.0                 	3.0       	0.0       	3.0       	1.0          	1.0          	4.0             	4.0      	0.0      	6.0          	9.0       	1.0        	1.0       	1.0      	9.0        	2.0       	4.0            	0.0       	3.0       	13.0      	0.0       	1.0       	1.0        
purple coneflower        	0.0             	0.0      	0.0      	0.0   	0.0      	0.0           	0.0           	0.0         	0.0     	0.0             	0.0               	0.0             	0.0            	0.0           	0.0             	0.0          	0.0     	0.0      	0.0              	0.0     	0.0       	0.0             	0.0        	0.0      	0.0             	0.0     	0.0        	0.0      	0.0             	0.0       	0.0     	0.0     	0.0        	0.0             	0.0      	0.0     	0.0       	0.0       	0.0         	0.0  	0.0    	0.0     	0.0                  	0.0          	0.0         	0.0           	0.0             	0.0                      	0.0     	0.0        	0.0             	0.0        	0.0        	0.0  	0.0             	0.0     	0.0   	0.0     	0.0          	0.0            	0.0      	0.0        	0.0          	0.0          	0.0         	0.0        	0.0           	0.0        	0.0          	0.0    	0.0              	0.0          	0.0               	0.0       	0.0    	0.0                     	0.0              	0.0       	0.0 	0.0                 	0.0       	0.0       	0.0       	0.0          	0.0          	0.0             	0.0      	0.0      	0.0          	0.0       	0.0        	0.0       	0.0      	0.0        	0.0       	0.0            	0.0       	0.0       	0.0       	0.0       	0.0       	0.0        
red ginger               	0.0             	0.0      	0.0      	0.0   	0.0      	0.0           	0.0           	0.0         	0.0     	0.0             	0.0               	0.0             	0.0            	0.0           	0.0             	0.0          	0.0     	0.0      	0.0              	0.0     	0.0       	0.0             	0.0        	0.0      	0.0             	0.0     	0.0        	0.0      	0.0             	0.0       	0.0     	0.0     	0.0        	0.0             	0.0      	0.0     	0.0       	0.0       	0.0         	0.0  	0.0    	0.0     	0.0                  	0.0          	0.0         	0.0           	0.0             	0.0                      	0.0     	0.0        	0.0             	0.0        	0.0        	0.0  	0.0             	0.0     	0.0   	0.0     	0.0          	0.0            	0.0      	0.0        	0.0          	0.0          	0.0         	0.0        	0.0           	0.0        	0.0          	0.0    	0.0              	0.0          	0.0               	0.0       	0.0    	0.0                     	0.0              	0.0       	0.0 	0.0                 	0.0       	0.0       	0.0       	0.0          	0.0          	0.0             	0.0      	0.0      	0.0          	0.0       	0.0        	0.0       	0.0      	0.0        	0.0       	0.0            	0.0       	0.0       	0.0       	0.0       	0.0       	0.0        
rose                     	0.0             	1.0      	0.0      	2.0   	0.0      	0.0           	2.0           	0.0         	0.0     	3.0             	4.0               	0.0             	1.0            	0.0           	0.0             	1.0          	0.0     	1.0      	0.0              	0.0     	1.0       	0.0             	0.0        	2.0      	0.0             	0.0     	1.0        	0.0      	0.0             	0.0       	4.0     	1.0     	0.0        	0.0             	0.0      	0.0     	3.0       	1.0       	0.0         	2.0  	0.0    	0.0     	1.0                  	0.0          	3.0         	0.0           	0.0             	5.0                      	2.0     	6.0        	1.0             	0.0        	0.0        	10.0 	0.0             	0.0     	1.0   	0.0     	0.0          	0.0            	1.0      	1.0        	1.0          	0.0          	0.0         	0.0        	0.0           	0.0        	1.0          	0.0    	0.0              	1.0          	0.0               	0.0       	0.0    	0.0                     	0.0              	0.0       	18.0	0.0                 	0.0       	0.0       	2.0       	0.0          	0.0          	0.0             	0.0      	3.0      	0.0          	1.0       	0.0        	0.0       	1.0      	1.0        	0.0       	0.0            	0.0       	4.0       	1.0       	1.0       	1.0       	1.0        
ruby-lipped cattleya     	0.0             	0.0      	0.0      	0.0   	0.0      	0.0           	0.0           	0.0         	0.0     	0.0             	0.0               	0.0             	0.0            	0.0           	0.0             	0.0          	0.0     	0.0      	0.0              	0.0     	0.0       	0.0             	0.0        	0.0      	0.0             	0.0     	0.0        	0.0      	0.0             	0.0       	0.0     	0.0     	0.0        	0.0             	0.0      	0.0     	0.0       	0.0       	0.0         	0.0  	0.0    	0.0     	0.0                  	0.0          	0.0         	0.0           	0.0             	0.0                      	1.0     	0.0        	0.0             	0.0        	0.0        	0.0  	0.0             	0.0     	0.0   	0.0     	0.0          	0.0            	0.0      	0.0        	0.0          	0.0          	0.0         	0.0        	0.0           	0.0        	0.0          	0.0    	0.0              	0.0          	0.0               	0.0       	0.0    	0.0                     	0.0              	0.0       	0.0 	1.0                 	0.0       	0.0       	0.0       	0.0          	0.0          	0.0             	0.0      	0.0      	0.0          	0.0       	0.0        	0.0       	0.0      	0.0        	0.0       	0.0            	0.0       	0.0       	0.0       	0.0       	0.0       	0.0        
siam tulip               	0.0             	0.0      	0.0      	0.0   	0.0      	0.0           	0.0           	0.0         	0.0     	0.0             	0.0               	0.0             	0.0            	0.0           	0.0             	0.0          	0.0     	0.0      	0.0              	0.0     	0.0       	0.0             	0.0        	0.0      	0.0             	0.0     	0.0        	0.0      	0.0             	0.0       	0.0     	0.0     	0.0        	0.0             	0.0      	0.0     	0.0       	0.0       	0.0         	0.0  	0.0    	0.0     	0.0                  	0.0          	0.0         	0.0           	0.0             	0.0                      	0.0     	0.0        	0.0             	0.0        	0.0        	0.0  	0.0             	0.0     	0.0   	0.0     	0.0          	0.0            	0.0      	0.0        	0.0          	0.0          	0.0         	0.0        	0.0           	0.0        	0.0          	0.0    	0.0              	0.0          	0.0               	0.0       	0.0    	0.0                     	0.0              	0.0       	0.0 	0.0                 	0.0       	0.0       	0.0       	0.0          	0.0          	0.0             	0.0      	0.0      	0.0          	0.0       	0.0        	0.0       	0.0      	0.0        	0.0       	0.0            	0.0       	0.0       	0.0       	0.0       	0.0       	0.0        
silverbush               	0.0             	1.0      	0.0      	1.0   	0.0      	1.0           	0.0           	0.0         	3.0     	1.0             	16.0              	11.0            	1.0            	0.0           	0.0             	5.0          	0.0     	6.0      	11.0             	0.0     	0.0       	0.0             	6.0        	2.0      	0.0             	0.0     	2.0        	1.0      	1.0             	1.0       	4.0     	1.0     	1.0        	3.0             	0.0      	1.0     	4.0       	3.0       	0.0         	7.0  	0.0    	11.0    	2.0                  	1.0          	2.0         	3.0           	2.0             	0.0                      	0.0     	0.0        	1.0             	0.0        	1.0        	2.0  	0.0             	0.0     	1.0   	0.0     	0.0          	1.0            	0.0      	0.0        	2.0          	4.0          	1.0         	0.0        	0.0           	1.0        	1.0          	7.0    	2.0              	0.0          	1.0               	0.0       	0.0    	0.0                     	0.0              	0.0       	7.0 	0.0                 	0.0       	10.0      	1.0       	0.0          	0.0          	1.0             	0.0      	2.0      	0.0          	0.0       	0.0        	1.0       	0.0      	0.0        	1.0       	0.0            	4.0       	0.0       	1.0       	5.0       	2.0       	0.0        
snapdragon               	0.0             	1.0      	2.0      	2.0   	0.0      	3.0           	0.0           	5.0         	1.0     	0.0             	0.0               	0.0             	3.0            	0.0           	0.0             	3.0          	0.0     	1.0      	1.0              	0.0     	2.0       	1.0             	3.0        	0.0      	0.0             	1.0     	0.0        	1.0      	3.0             	0.0       	0.0     	0.0     	2.0        	2.0             	0.0      	5.0     	6.0       	4.0       	1.0         	0.0  	0.0    	1.0     	0.0                  	0.0          	0.0         	0.0           	0.0             	0.0                      	1.0     	0.0        	0.0             	0.0        	2.0        	3.0  	0.0             	2.0     	0.0   	2.0     	2.0          	2.0            	1.0      	1.0        	6.0          	3.0          	2.0         	2.0        	4.0           	3.0        	1.0          	4.0    	1.0              	0.0          	3.0               	0.0       	3.0    	0.0                     	0.0              	1.0       	3.0 	2.0                 	1.0       	0.0       	1.0       	1.0          	0.0          	0.0             	1.0      	0.0      	0.0          	2.0       	2.0        	0.0       	0.0      	0.0        	0.0       	0.0            	2.0       	1.0       	11.0      	4.0       	2.0       	3.0        
spear thistle            	0.0             	0.0      	0.0      	0.0   	0.0      	0.0           	0.0           	0.0         	0.0     	0.0             	0.0               	0.0             	0.0            	0.0           	0.0             	0.0          	0.0     	0.0      	0.0              	0.0     	0.0       	0.0             	0.0        	0.0      	0.0             	0.0     	0.0        	0.0      	0.0             	0.0       	0.0     	0.0     	0.0        	0.0             	0.0      	0.0     	0.0       	0.0       	0.0         	0.0  	0.0    	0.0     	0.0                  	0.0          	0.0         	0.0           	0.0             	0.0                      	0.0     	0.0        	0.0             	0.0        	0.0        	0.0  	0.0             	0.0     	0.0   	0.0     	0.0          	0.0            	0.0      	0.0        	0.0          	0.0          	0.0         	0.0        	0.0           	0.0        	0.0          	0.0    	0.0              	0.0          	0.0               	0.0       	0.0    	0.0                     	0.0              	0.0       	0.0 	0.0                 	0.0       	0.0       	0.0       	0.0          	0.0          	0.0             	0.0      	0.0      	0.0          	0.0       	0.0        	0.0       	0.0      	0.0        	0.0       	0.0            	0.0       	0.0       	0.0       	0.0       	0.0       	0.0        
spring crocus            	0.0             	0.0      	0.0      	0.0   	0.0      	0.0           	0.0           	0.0         	0.0     	0.0             	0.0               	0.0             	0.0            	0.0           	0.0             	0.0          	0.0     	0.0      	0.0              	0.0     	0.0       	0.0             	0.0        	0.0      	0.0             	0.0     	0.0        	0.0      	0.0             	0.0       	0.0     	0.0     	0.0        	0.0             	0.0      	0.0     	0.0       	0.0       	0.0         	0.0  	0.0    	0.0     	0.0                  	0.0          	0.0         	0.0           	0.0             	0.0                      	0.0     	0.0        	0.0             	0.0        	0.0        	0.0  	0.0             	0.0     	0.0   	0.0     	0.0          	0.0            	0.0      	0.0        	0.0          	0.0          	0.0         	0.0        	0.0           	0.0        	0.0          	0.0    	0.0              	0.0          	0.0               	0.0       	0.0    	0.0                     	0.0              	0.0       	0.0 	0.0                 	0.0       	0.0       	0.0       	0.0          	0.0          	0.0             	0.0      	0.0      	0.0          	0.0       	0.0        	0.0       	0.0      	0.0        	0.0       	0.0            	0.0       	0.0       	0.0       	0.0       	0.0       	0.0        
stemless gentian         	1.0             	0.0      	1.0      	2.0   	0.0      	2.0           	0.0           	0.0         	1.0     	2.0             	0.0               	0.0             	0.0            	1.0           	0.0             	2.0          	2.0     	0.0      	1.0              	1.0     	1.0       	0.0             	0.0        	0.0      	0.0             	1.0     	1.0        	5.0      	3.0             	0.0       	1.0     	1.0     	0.0        	1.0             	0.0      	1.0     	0.0       	2.0       	0.0         	0.0  	2.0    	0.0     	0.0                  	0.0          	0.0         	0.0           	3.0             	0.0                      	1.0     	0.0        	0.0             	0.0        	0.0        	0.0  	0.0             	5.0     	1.0   	0.0     	1.0          	2.0            	1.0      	0.0        	3.0          	0.0          	0.0         	0.0        	1.0           	0.0        	1.0          	1.0    	1.0              	0.0          	1.0               	0.0       	0.0    	0.0                     	6.0              	0.0       	1.0 	0.0                 	1.0       	0.0       	0.0       	1.0          	0.0          	2.0             	1.0      	1.0      	1.0          	0.0       	0.0        	0.0       	0.0      	0.0        	0.0       	0.0            	0.0       	0.0       	1.0       	2.0       	0.0       	0.0        
sunflower                	0.0             	0.0      	0.0      	0.0   	0.0      	0.0           	0.0           	0.0         	0.0     	0.0             	0.0               	0.0             	0.0            	0.0           	0.0             	0.0          	0.0     	0.0      	0.0              	0.0     	0.0       	0.0             	0.0        	0.0      	0.0             	0.0     	0.0        	0.0      	1.0             	0.0       	0.0     	0.0     	0.0        	0.0             	0.0      	0.0     	1.0       	0.0       	0.0         	0.0  	1.0    	0.0     	0.0                  	0.0          	0.0         	0.0           	0.0             	0.0                      	0.0     	0.0        	0.0             	0.0        	0.0        	0.0  	0.0             	0.0     	0.0   	0.0     	0.0          	0.0            	0.0      	0.0        	0.0          	0.0          	0.0         	0.0        	2.0           	0.0        	0.0          	0.0    	0.0              	0.0          	0.0               	0.0       	0.0    	0.0                     	0.0              	0.0       	0.0 	0.0                 	0.0       	0.0       	0.0       	0.0          	0.0          	0.0             	1.0      	0.0      	0.0          	0.0       	0.0        	0.0       	0.0      	0.0        	0.0       	0.0            	0.0       	0.0       	0.0       	0.0       	0.0       	0.0        
sweet pea                	0.0             	0.0      	0.0      	0.0   	0.0      	0.0           	0.0           	0.0         	0.0     	0.0             	0.0               	0.0             	0.0            	0.0           	0.0             	0.0          	0.0     	0.0      	0.0              	0.0     	0.0       	0.0             	0.0        	0.0      	0.0             	0.0     	0.0        	0.0      	0.0             	0.0       	0.0     	0.0     	0.0        	0.0             	0.0      	0.0     	0.0       	0.0       	0.0         	0.0  	0.0    	0.0     	0.0                  	0.0          	0.0         	0.0           	0.0             	0.0                      	0.0     	0.0        	0.0             	0.0        	0.0        	0.0  	0.0             	0.0     	0.0   	0.0     	0.0          	0.0            	0.0      	0.0        	0.0          	0.0          	0.0         	0.0        	0.0           	0.0        	0.0          	0.0    	0.0              	0.0          	0.0               	0.0       	0.0    	0.0                     	0.0              	0.0       	0.0 	0.0                 	0.0       	0.0       	0.0       	0.0          	0.0          	0.0             	0.0      	0.0      	0.0          	0.0       	0.0        	0.0       	0.0      	0.0        	0.0       	0.0            	0.0       	0.0       	0.0       	0.0       	0.0       	0.0        
sweet william            	1.0             	0.0      	0.0      	0.0   	0.0      	0.0           	0.0           	0.0         	0.0     	0.0             	0.0               	0.0             	0.0            	0.0           	0.0             	1.0          	0.0     	0.0      	0.0              	1.0     	0.0       	0.0             	0.0        	0.0      	0.0             	0.0     	0.0        	0.0      	0.0             	0.0       	1.0     	0.0     	0.0        	0.0             	0.0      	0.0     	1.0       	0.0       	0.0         	0.0  	1.0    	0.0     	0.0                  	0.0          	0.0         	0.0           	0.0             	0.0                      	0.0     	0.0        	0.0             	0.0        	0.0        	2.0  	0.0             	0.0     	0.0   	0.0     	0.0          	0.0            	0.0      	0.0        	0.0          	0.0          	0.0         	0.0        	0.0           	0.0        	0.0          	0.0    	0.0              	1.0          	0.0               	0.0       	3.0    	0.0                     	0.0              	0.0       	0.0 	0.0                 	0.0       	0.0       	0.0       	1.0          	0.0          	0.0             	0.0      	0.0      	0.0          	1.0       	1.0        	0.0       	0.0      	0.0        	0.0       	0.0            	0.0       	0.0       	2.0       	0.0       	0.0       	0.0        
sword lily               	0.0             	3.0      	0.0      	1.0   	0.0      	0.0           	0.0           	0.0         	0.0     	0.0             	0.0               	0.0             	0.0            	0.0           	0.0             	1.0          	0.0     	0.0      	0.0              	1.0     	2.0       	0.0             	0.0        	0.0      	0.0             	3.0     	0.0        	0.0      	0.0             	0.0       	0.0     	0.0     	1.0        	0.0             	0.0      	1.0     	1.0       	0.0       	0.0         	0.0  	0.0    	3.0     	0.0                  	0.0          	0.0         	0.0           	0.0             	0.0                      	0.0     	0.0        	0.0             	0.0        	0.0        	1.0  	0.0             	0.0     	0.0   	0.0     	0.0          	1.0            	1.0      	0.0        	1.0          	0.0          	0.0         	1.0        	0.0           	0.0        	1.0          	5.0    	0.0              	1.0          	3.0               	0.0       	2.0    	0.0                     	0.0              	0.0       	0.0 	0.0                 	0.0       	0.0       	0.0       	2.0          	0.0          	0.0             	0.0      	0.0      	0.0          	1.0       	4.0        	0.0       	0.0      	0.0        	2.0       	0.0            	0.0       	3.0       	2.0       	0.0       	0.0       	0.0        
thorn apple              	0.0             	2.0      	1.0      	0.0   	0.0      	0.0           	3.0           	0.0         	1.0     	1.0             	0.0               	0.0             	0.0            	0.0           	0.0             	1.0          	1.0     	0.0      	0.0              	0.0     	0.0       	0.0             	0.0        	0.0      	0.0             	1.0     	0.0        	1.0      	0.0             	0.0       	1.0     	1.0     	0.0        	0.0             	0.0      	0.0     	3.0       	0.0       	0.0         	0.0  	0.0    	0.0     	2.0                  	0.0          	1.0         	0.0           	0.0             	2.0                      	7.0     	0.0        	0.0             	1.0        	0.0        	1.0  	0.0             	0.0     	1.0   	1.0     	0.0          	0.0            	0.0      	0.0        	1.0          	0.0          	0.0         	0.0        	4.0           	0.0        	0.0          	3.0    	0.0              	0.0          	4.0               	5.0       	2.0    	0.0                     	1.0              	0.0       	0.0 	4.0                 	0.0       	0.0       	0.0       	0.0          	0.0          	0.0             	4.0      	0.0      	0.0          	1.0       	1.0        	0.0       	0.0      	1.0        	0.0       	1.0            	0.0       	8.0       	1.0       	0.0       	0.0       	1.0        
tiger lily               	0.0             	0.0      	0.0      	0.0   	0.0      	0.0           	0.0           	0.0         	0.0     	0.0             	0.0               	0.0             	0.0            	0.0           	0.0             	0.0          	0.0     	0.0      	0.0              	0.0     	0.0       	0.0             	0.0        	0.0      	0.0             	0.0     	0.0        	0.0      	0.0             	0.0       	0.0     	0.0     	0.0        	0.0             	0.0      	0.0     	0.0       	0.0       	0.0         	0.0  	0.0    	0.0     	0.0                  	0.0          	0.0         	0.0           	0.0             	0.0                      	0.0     	0.0        	0.0             	0.0        	0.0        	0.0  	0.0             	0.0     	0.0   	0.0     	0.0          	0.0            	0.0      	0.0        	0.0          	0.0          	0.0         	0.0        	0.0           	0.0        	0.0          	0.0    	0.0              	0.0          	0.0               	0.0       	0.0    	0.0                     	0.0              	0.0       	0.0 	0.0                 	0.0       	0.0       	0.0       	0.0          	0.0          	0.0             	0.0      	0.0      	0.0          	0.0       	0.0        	0.0       	0.0      	0.0        	0.0       	0.0            	0.0       	0.0       	0.0       	0.0       	0.0       	0.0        
toad lily                	0.0             	0.0      	0.0      	0.0   	0.0      	0.0           	0.0           	0.0         	0.0     	0.0             	0.0               	0.0             	0.0            	0.0           	0.0             	0.0          	0.0     	0.0      	0.0              	0.0     	0.0       	0.0             	0.0        	0.0      	0.0             	0.0     	0.0        	0.0      	0.0             	0.0       	0.0     	0.0     	0.0        	0.0             	0.0      	0.0     	0.0       	0.0       	0.0         	0.0  	0.0    	0.0     	0.0                  	0.0          	0.0         	0.0           	0.0             	0.0                      	0.0     	0.0        	0.0             	0.0        	0.0        	0.0  	0.0             	0.0     	0.0   	0.0     	0.0          	0.0            	0.0      	0.0        	0.0          	0.0          	0.0         	0.0        	0.0           	0.0        	0.0          	0.0    	0.0              	0.0          	0.0               	0.0       	0.0    	0.0                     	0.0              	0.0       	0.0 	0.0                 	0.0       	0.0       	0.0       	0.0          	0.0          	0.0             	0.0      	0.0      	0.0          	0.0       	0.0        	0.0       	0.0      	0.0        	0.0       	0.0            	0.0       	0.0       	0.0       	0.0       	0.0       	0.0        
tree mallow              	0.0             	0.0      	0.0      	0.0   	0.0      	0.0           	1.0           	0.0         	0.0     	0.0             	0.0               	0.0             	0.0            	0.0           	0.0             	0.0          	0.0     	0.0      	0.0              	0.0     	0.0       	0.0             	0.0        	0.0      	0.0             	0.0     	0.0        	0.0      	0.0             	0.0       	0.0     	0.0     	0.0        	0.0             	0.0      	0.0     	0.0       	0.0       	0.0         	0.0  	0.0    	0.0     	0.0                  	0.0          	0.0         	0.0           	0.0             	0.0                      	0.0     	0.0        	0.0             	0.0        	0.0        	0.0  	0.0             	0.0     	0.0   	0.0     	0.0          	0.0            	0.0      	0.0        	0.0          	0.0          	0.0         	0.0        	0.0           	0.0        	0.0          	0.0    	0.0              	0.0          	0.0               	0.0       	0.0    	0.0                     	0.0              	0.0       	0.0 	0.0                 	0.0       	0.0       	0.0       	0.0          	0.0          	0.0             	0.0      	0.0      	0.0          	0.0       	0.0        	0.0       	0.0      	0.0        	0.0       	0.0            	0.0       	0.0       	0.0       	0.0       	0.0       	0.0        
tree poppy               	0.0             	0.0      	0.0      	0.0   	0.0      	0.0           	0.0           	0.0         	0.0     	0.0             	0.0               	0.0             	0.0            	0.0           	0.0             	0.0          	0.0     	0.0      	0.0              	0.0     	0.0       	0.0             	0.0        	0.0      	0.0             	0.0     	0.0        	0.0      	0.0             	0.0       	0.0     	0.0     	0.0        	0.0             	0.0      	0.0     	0.0       	0.0       	0.0         	0.0  	0.0    	0.0     	0.0                  	0.0          	0.0         	0.0           	0.0             	0.0                      	0.0     	0.0        	0.0             	0.0        	0.0        	0.0  	0.0             	0.0     	0.0   	0.0     	0.0          	0.0            	0.0      	0.0        	0.0          	0.0          	0.0         	0.0        	0.0           	0.0        	0.0          	0.0    	0.0              	0.0          	0.0               	0.0       	0.0    	0.0                     	0.0              	0.0       	0.0 	0.0                 	0.0       	0.0       	0.0       	0.0          	0.0          	0.0             	0.0      	0.0      	0.0          	0.0       	0.0        	0.0       	0.0      	0.0        	0.0       	0.0            	0.0       	0.0       	0.0       	0.0       	0.0       	0.0        
trumpet creeper          	0.0             	1.0      	1.0      	1.0   	0.0      	0.0           	0.0           	0.0         	1.0     	0.0             	0.0               	0.0             	0.0            	0.0           	0.0             	1.0          	0.0     	1.0      	0.0              	5.0     	1.0       	1.0             	0.0        	0.0      	0.0             	1.0     	0.0        	1.0      	0.0             	0.0       	1.0     	1.0     	1.0        	1.0             	0.0      	2.0     	3.0       	0.0       	0.0         	0.0  	0.0    	2.0     	0.0                  	0.0          	0.0         	0.0           	0.0             	1.0                      	0.0     	0.0        	0.0             	0.0        	1.0        	0.0  	0.0             	0.0     	1.0   	1.0     	1.0          	1.0            	0.0      	0.0        	2.0          	1.0          	0.0         	0.0        	1.0           	0.0        	0.0          	3.0    	0.0              	1.0          	1.0               	0.0       	3.0    	0.0                     	0.0              	0.0       	0.0 	0.0                 	0.0       	0.0       	2.0       	0.0          	0.0          	0.0             	0.0      	1.0      	0.0          	0.0       	1.0        	0.0       	0.0      	2.0        	1.0       	0.0            	0.0       	4.0       	6.0       	1.0       	0.0       	1.0        
wallflower               	1.0             	0.0      	4.0      	3.0   	3.0      	1.0           	2.0           	1.0         	9.0     	4.0             	11.0              	1.0             	4.0            	4.0           	2.0             	8.0          	1.0     	6.0      	19.0             	3.0     	6.0       	5.0             	21.0       	4.0      	8.0             	1.0     	13.0       	13.0     	10.0            	6.0       	14.0    	4.0     	4.0        	5.0             	1.0      	12.0    	7.0       	21.0      	4.0         	13.0 	4.0    	1.0     	0.0                  	6.0          	6.0         	2.0           	4.0             	1.0                      	1.0     	0.0        	1.0             	0.0        	7.0        	3.0  	3.0             	1.0     	5.0   	1.0     	1.0          	2.0            	3.0      	0.0        	7.0          	6.0          	12.0        	1.0        	1.0           	16.0       	2.0          	28.0   	10.0             	0.0          	5.0               	0.0       	2.0    	1.0                     	6.0              	0.0       	24.0	1.0                 	3.0       	1.0       	14.0      	2.0          	4.0          	6.0             	0.0      	7.0      	3.0          	5.0       	0.0        	7.0       	6.0      	0.0        	2.0       	0.0            	65.0      	0.0       	8.0       	7.0       	1.0       	1.0        
water lily               	0.0             	2.0      	0.0      	1.0   	1.0      	1.0           	6.0           	0.0         	1.0     	2.0             	0.0               	0.0             	0.0            	0.0           	1.0             	5.0          	2.0     	1.0      	0.0              	2.0     	0.0       	0.0             	0.0        	1.0      	0.0             	0.0     	1.0        	0.0      	0.0             	0.0       	2.0     	1.0     	1.0        	1.0             	1.0      	2.0     	4.0       	0.0       	0.0         	1.0  	0.0    	0.0     	3.0                  	0.0          	0.0         	1.0           	1.0             	1.0                      	3.0     	18.0       	1.0             	1.0        	0.0        	10.0 	2.0             	0.0     	2.0   	1.0     	0.0          	2.0            	0.0      	4.0        	2.0          	0.0          	0.0         	2.0        	3.0           	0.0        	1.0          	1.0    	0.0              	0.0          	0.0               	4.0       	0.0    	0.0                     	2.0              	1.0       	4.0 	4.0                 	0.0       	0.0       	2.0       	1.0          	0.0          	0.0             	4.0      	0.0      	0.0          	1.0       	4.0        	0.0       	0.0      	0.0        	1.0       	1.0            	0.0       	14.0      	2.0       	0.0       	1.0       	0.0        
watercress               	0.0             	0.0      	0.0      	0.0   	0.0      	0.0           	0.0           	0.0         	0.0     	0.0             	0.0               	0.0             	0.0            	0.0           	0.0             	0.0          	0.0     	0.0      	0.0              	0.0     	0.0       	0.0             	0.0        	0.0      	0.0             	0.0     	0.0        	0.0      	0.0             	0.0       	0.0     	0.0     	0.0        	0.0             	0.0      	0.0     	0.0       	0.0       	0.0         	0.0  	0.0    	0.0     	0.0                  	0.0          	0.0         	0.0           	0.0             	0.0                      	0.0     	0.0        	0.0             	0.0        	0.0        	0.0  	0.0             	0.0     	0.0   	0.0     	0.0          	0.0            	0.0      	0.0        	0.0          	0.0          	0.0         	0.0        	0.0           	0.0        	0.0          	0.0    	0.0              	0.0          	0.0               	0.0       	0.0    	0.0                     	0.0              	0.0       	0.0 	0.0                 	0.0       	0.0       	0.0       	0.0          	0.0          	0.0             	0.0      	0.0      	0.0          	0.0       	0.0        	0.0       	0.0      	0.0        	0.0       	0.0            	0.0       	0.0       	0.0       	0.0       	0.0       	0.0        
wild pansy               	0.0             	0.0      	0.0      	0.0   	0.0      	0.0           	0.0           	0.0         	0.0     	0.0             	0.0               	0.0             	0.0            	0.0           	0.0             	0.0          	0.0     	0.0      	0.0              	0.0     	0.0       	0.0             	0.0        	0.0      	0.0             	0.0     	0.0        	0.0      	0.0             	0.0       	0.0     	0.0     	0.0        	0.0             	0.0      	0.0     	0.0       	0.0       	0.0         	0.0  	0.0    	0.0     	0.0                  	0.0          	0.0         	0.0           	0.0             	0.0                      	0.0     	0.0        	0.0             	0.0        	0.0        	0.0  	0.0             	0.0     	0.0   	0.0     	0.0          	0.0            	0.0      	0.0        	0.0          	0.0          	0.0         	0.0        	0.0           	0.0        	0.0          	0.0    	0.0              	0.0          	0.0               	0.0       	0.0    	0.0                     	0.0              	0.0       	0.0 	0.0                 	0.0       	0.0       	0.0       	0.0          	0.0          	0.0             	0.0      	0.0      	0.0          	0.0       	0.0        	0.0       	0.0      	0.0        	0.0       	0.0            	0.0       	0.0       	0.0       	0.0       	0.0       	0.0        
windflower               	0.0             	0.0      	0.0      	0.0   	0.0      	0.0           	0.0           	0.0         	0.0     	0.0             	0.0               	0.0             	0.0            	0.0           	0.0             	0.0          	0.0     	0.0      	0.0              	0.0     	0.0       	0.0             	0.0        	0.0      	0.0             	0.0     	0.0        	0.0      	0.0             	0.0       	0.0     	0.0     	0.0        	0.0             	0.0      	0.0     	0.0       	0.0       	0.0         	0.0  	0.0    	0.0     	0.0                  	0.0          	0.0         	0.0           	0.0             	0.0                      	0.0     	0.0        	0.0             	0.0        	0.0        	0.0  	0.0             	0.0     	0.0   	0.0     	0.0          	0.0            	0.0      	0.0        	0.0          	0.0          	0.0         	0.0        	0.0           	0.0        	0.0          	0.0    	0.0              	0.0          	0.0               	0.0       	0.0    	0.0                     	0.0              	0.0       	0.0 	0.0                 	0.0       	0.0       	0.0       	0.0          	0.0          	0.0             	0.0      	0.0      	0.0          	0.0       	0.0        	0.0       	0.0      	0.0        	0.0       	0.0            	0.0       	0.0       	0.0       	0.0       	0.0       	0.0        
yellow iris              	0.0             	0.0      	0.0      	0.0   	0.0      	0.0           	0.0           	0.0         	0.0     	0.0             	0.0               	0.0             	0.0            	0.0           	0.0             	0.0          	0.0     	0.0      	0.0              	0.0     	0.0       	0.0             	0.0        	0.0      	0.0             	0.0     	0.0        	0.0      	0.0             	0.0       	0.0     	0.0     	0.0        	0.0             	0.0      	0.0     	0.0       	0.0       	0.0         	0.0  	0.0    	0.0     	0.0                  	0.0          	0.0         	0.0           	0.0             	0.0                      	0.0     	0.0        	0.0             	0.0        	0.0        	0.0  	0.0             	0.0     	0.0   	0.0     	0.0          	0.0            	0.0      	0.0        	0.0          	0.0          	0.0         	0.0        	0.0           	0.0        	0.0          	0.0    	0.0              	0.0          	0.0               	0.0       	0.0    	0.0                     	0.0              	0.0       	0.0 	0.0                 	0.0       	0.0       	0.0       	0.0          	0.0          	0.0             	0.0      	0.0      	0.0          	0.0       	0.0        	0.0       	0.0      	0.0        	0.0       	0.0            	0.0       	0.0       	0.0       	0.0       	0.0       	0.0        

Accuracy = 6.049764189299073%

Balanced Accuracy = 5.291642385822392%

C=10
gamma=1
kernel=rbf